method,trial,params,auc,trees,seconds,best_so_far
v1_settings,0,{},0.789372352928056,371,13.7,0.789372352928056
grid,0,"{'learning_rate': 0.02, 'num_leaves': 16, 'min_child_samples': 30}",0.7919616214113935,1696,44.1,0.7919616214113935
grid,1,"{'learning_rate': 0.02, 'num_leaves': 16, 'min_child_samples': 150}",0.7923888004902901,1903,49.4,0.7923888004902901
grid,2,"{'learning_rate': 0.02, 'num_leaves': 16, 'min_child_samples': 500}",0.792446710330211,1242,34.1,0.792446710330211
grid,3,"{'learning_rate': 0.02, 'num_leaves': 48, 'min_child_samples': 30}",0.7912027274070034,1224,39.7,0.792446710330211
grid,4,"{'learning_rate': 0.02, 'num_leaves': 48, 'min_child_samples': 150}",0.7914653602080115,857,30.1,0.792446710330211
grid,5,"{'learning_rate': 0.02, 'num_leaves': 48, 'min_child_samples': 500}",0.7922299046769598,916,32.6,0.792446710330211
grid,6,"{'learning_rate': 0.02, 'num_leaves': 128, 'min_child_samples': 30}",0.789718337503099,721,35.3,0.792446710330211
grid,7,"{'learning_rate': 0.02, 'num_leaves': 128, 'min_child_samples': 150}",0.790148980089168,592,29.8,0.792446710330211
grid,8,"{'learning_rate': 0.02, 'num_leaves': 128, 'min_child_samples': 500}",0.7911265302492126,707,36.0,0.792446710330211
grid,9,"{'learning_rate': 0.05, 'num_leaves': 16, 'min_child_samples': 30}",0.789852246586115,671,19.7,0.792446710330211
grid,10,"{'learning_rate': 0.05, 'num_leaves': 16, 'min_child_samples': 150}",0.7909644282178144,614,18.4,0.792446710330211
grid,11,"{'learning_rate': 0.05, 'num_leaves': 16, 'min_child_samples': 500}",0.7927323111316388,613,18.8,0.7927323111316388
grid,12,"{'learning_rate': 0.05, 'num_leaves': 48, 'min_child_samples': 30}",0.7864798395481812,274,12.1,0.7927323111316388
grid,13,"{'learning_rate': 0.05, 'num_leaves': 48, 'min_child_samples': 150}",0.7883806320758091,296,13.2,0.7927323111316388
grid,14,"{'learning_rate': 0.05, 'num_leaves': 48, 'min_child_samples': 500}",0.7893262882826643,324,14.1,0.7927323111316388
grid,15,"{'learning_rate': 0.05, 'num_leaves': 128, 'min_child_samples': 30}",0.7867614919514327,196,13.3,0.7927323111316388
grid,16,"{'learning_rate': 0.05, 'num_leaves': 128, 'min_child_samples': 150}",0.7883911215546738,192,13.6,0.7927323111316388
grid,17,"{'learning_rate': 0.05, 'num_leaves': 128, 'min_child_samples': 500}",0.7869316590066752,192,13.3,0.7927323111316388
grid,18,"{'learning_rate': 0.1, 'num_leaves': 16, 'min_child_samples': 30}",0.7870621243739885,278,10.1,0.7927323111316388
grid,19,"{'learning_rate': 0.1, 'num_leaves': 16, 'min_child_samples': 150}",0.7888081377139535,331,11.5,0.7927323111316388
grid,20,"{'learning_rate': 0.1, 'num_leaves': 16, 'min_child_samples': 500}",0.7908959794203549,286,10.4,0.7927323111316388
grid,21,"{'learning_rate': 0.1, 'num_leaves': 48, 'min_child_samples': 30}",0.7853281343517786,185,9.4,0.7927323111316388
grid,22,"{'learning_rate': 0.1, 'num_leaves': 48, 'min_child_samples': 150}",0.7842981961718191,161,9.0,0.7927323111316388
grid,23,"{'learning_rate': 0.1, 'num_leaves': 48, 'min_child_samples': 500}",0.7858915381156293,152,8.7,0.7927323111316388
grid,24,"{'learning_rate': 0.1, 'num_leaves': 128, 'min_child_samples': 30}",0.7805255957237284,91,8.8,0.7927323111316388
grid,25,"{'learning_rate': 0.1, 'num_leaves': 128, 'min_child_samples': 150}",0.7817281254139509,105,9.5,0.7927323111316388
grid,26,"{'learning_rate': 0.1, 'num_leaves': 128, 'min_child_samples': 500}",0.7820055424427175,76,8.9,0.7927323111316388
random,0,"{'learning_rate': 0.0695027611568869, 'num_leaves': 40, 'min_child_samples': 317, 'subsample': 0.8486840145296819, 'colsample_bytree': 0.25650640873258973, 'reg_lambda': 23.33348279142777}",0.7919968799144075,292,9.9,0.7919968799144075
random,1,"{'learning_rate': 0.06808380457539365, 'num_leaves': 82, 'min_child_samples': 30, 'subsample': 0.7251929689477836, 'colsample_bytree': 0.4224788145395488, 'reg_lambda': 14.100653144279937}",0.7891750814552565,166,10.2,0.7919968799144075
random,2,"{'learning_rate': 0.05637316279591071, 'num_leaves': 89, 'min_child_samples': 83, 'subsample': 0.6136193608923884, 'colsample_bytree': 0.5327508722095009, 'reg_lambda': 0.0019307124350040098}",0.7829571360904394,190,11.5,0.7919968799144075
random,3,"{'learning_rate': 0.07577385098140932, 'num_leaves': 60, 'min_child_samples': 230, 'subsample': 0.6772629840649342, 'colsample_bytree': 0.782418814636942, 'reg_lambda': 9.968080929572077}",0.7848779278980537,198,8.5,0.7919968799144075
random,4,"{'learning_rate': 0.06999978594790003, 'num_leaves': 24, 'min_child_samples': 90, 'subsample': 0.5219018828936144, 'colsample_bytree': 0.29257369524052873, 'reg_lambda': 1.1431230621006638}",0.7876668032475982,345,10.1,0.7919968799144075
random,5,"{'learning_rate': 0.06631265295950577, 'num_leaves': 120, 'min_child_samples': 57, 'subsample': 0.6852298530174344, 'colsample_bytree': 0.48173348676548483, 'reg_lambda': 0.0070515769407301955}",0.7819477810388182,98,9.1,0.7919968799144075
random,6,"{'learning_rate': 0.02465137968413997, 'num_leaves': 43, 'min_child_samples': 42, 'subsample': 0.8349069973412552, 'colsample_bytree': 0.4622911513233985, 'reg_lambda': 5.345658978909843}",0.7925224324927322,795,26.8,0.7925224324927322
random,7,"{'learning_rate': 0.061729718577592504, 'num_leaves': 31, 'min_child_samples': 291, 'subsample': 0.902382178748401, 'colsample_bytree': 0.43248702741810474, 'reg_lambda': 0.019537989975435054}",0.789541827281864,336,12.4,0.7925224324927322
random,8,"{'learning_rate': 0.0599893119817629, 'num_leaves': 21, 'min_child_samples': 38, 'subsample': 0.5036811348755028, 'colsample_bytree': 0.6721546265012831, 'reg_lambda': 0.9475843976210064}",0.7875684594353743,429,7.1,0.7925224324927322
random,9,"{'learning_rate': 0.06221848664020439, 'num_leaves': 81, 'min_child_samples': 88, 'subsample': 0.7843705979764468, 'colsample_bytree': 0.2838781988765945, 'reg_lambda': 0.0032566045590949415}",0.7839591880897944,178,8.5,0.7925224324927322
random,10,"{'learning_rate': 0.05864400427906513, 'num_leaves': 43, 'min_child_samples': 123, 'subsample': 0.8824994287080128, 'colsample_bytree': 0.5808309920003545, 'reg_lambda': 0.3009137970793325}",0.7894754269015035,263,8.2,0.7925224324927322
random,11,"{'learning_rate': 0.04919251505824108, 'num_leaves': 30, 'min_child_samples': 22, 'subsample': 0.7183586946161812, 'colsample_bytree': 0.32875080369171755, 'reg_lambda': 0.06745781561587151}",0.7885890956246423,502,14.7,0.7925224324927322
random,12,"{'learning_rate': 0.07898291270982272, 'num_leaves': 26, 'min_child_samples': 24, 'subsample': 0.6406919460109983, 'colsample_bytree': 0.37615625466001024, 'reg_lambda': 0.9193491882311982}",0.7858576056410754,195,8.2,0.7925224324927322
random,13,"{'learning_rate': 0.049020615689029455, 'num_leaves': 82, 'min_child_samples': 170, 'subsample': 0.7031934307200353, 'colsample_bytree': 0.6884122307996209, 'reg_lambda': 0.005591882133102898}",0.7856262136747615,170,8.3,0.7925224324927322
random,14,"{'learning_rate': 0.020744599445731385, 'num_leaves': 19, 'min_child_samples': 205, 'subsample': 0.7309386151256937, 'colsample_bytree': 0.2967630674201611, 'reg_lambda': 0.17508067494889057}",0.7927985037015689,1397,31.3,0.7927985037015689
random,15,"{'learning_rate': 0.025555923931223135, 'num_leaves': 68, 'min_child_samples': 84, 'subsample': 0.6905106130482412, 'colsample_bytree': 0.38090725348872595, 'reg_lambda': 0.6635162967676522}",0.7894873116789719,416,15.8,0.7927985037015689
random,16,"{'learning_rate': 0.03580355557367409, 'num_leaves': 19, 'min_child_samples': 29, 'subsample': 0.9809488322747573, 'colsample_bytree': 0.7451484144245644, 'reg_lambda': 1.3572932236507884}",0.790391742254742,1084,18.8,0.7927985037015689
random,17,"{'learning_rate': 0.03068069008702694, 'num_leaves': 120, 'min_child_samples': 245, 'subsample': 0.8584450945794978, 'colsample_bytree': 0.46961690128627326, 'reg_lambda': 0.01655230510381471}",0.7887052022807927,296,16.7,0.7927985037015689
random,18,"{'learning_rate': 0.02335631839206236, 'num_leaves': 105, 'min_child_samples': 87, 'subsample': 0.6011816823976152, 'colsample_bytree': 0.38357397449039154, 'reg_lambda': 0.39195503098728124}",0.7892719705944679,469,19.4,0.7927985037015689
random,19,"{'learning_rate': 0.026582074358031844, 'num_leaves': 95, 'min_child_samples': 230, 'subsample': 0.8597314779754683, 'colsample_bytree': 0.45925582386506225, 'reg_lambda': 0.6434839869391645}",0.7916017036417827,560,24.3,0.7927985037015689
random,20,"{'learning_rate': 0.0512031825502332, 'num_leaves': 62, 'min_child_samples': 26, 'subsample': 0.7079037010853049, 'colsample_bytree': 0.2249685043171355, 'reg_lambda': 0.1628008981401544}",0.7840810738550551,236,8.6,0.7927985037015689
random,21,"{'learning_rate': 0.034008939431853166, 'num_leaves': 22, 'min_child_samples': 28, 'subsample': 0.793822286088856, 'colsample_bytree': 0.3023557811221317, 'reg_lambda': 13.863565708137685}",0.7918906986802394,1070,25.9,0.7927985037015689
random,22,"{'learning_rate': 0.05095353307503824, 'num_leaves': 33, 'min_child_samples': 134, 'subsample': 0.5114019355148487, 'colsample_bytree': 0.7751355279448673, 'reg_lambda': 0.14432147830563022}",0.7869106899446806,300,7.5,0.7927985037015689
random,23,"{'learning_rate': 0.07049177410777516, 'num_leaves': 19, 'min_child_samples': 96, 'subsample': 0.7453534971772604, 'colsample_bytree': 0.7626958729849898, 'reg_lambda': 0.36282383981481864}",0.7887373139401472,389,8.0,0.7927985037015689
random,24,"{'learning_rate': 0.04285336050191046, 'num_leaves': 28, 'min_child_samples': 58, 'subsample': 0.7603362012357688, 'colsample_bytree': 0.46334687618302806, 'reg_lambda': 0.001249568020997269}",0.7889527935649383,452,14.9,0.7927985037015689
random,25,"{'learning_rate': 0.07561070117412376, 'num_leaves': 103, 'min_child_samples': 31, 'subsample': 0.7770180717695248, 'colsample_bytree': 0.26514544468126616, 'reg_lambda': 1.0225873332228896}",0.783733209090404,185,9.2,0.7927985037015689
random,26,"{'learning_rate': 0.031448792480786254, 'num_leaves': 63, 'min_child_samples': 208, 'subsample': 0.8843237459588285, 'colsample_bytree': 0.26464456757353794, 'reg_lambda': 12.621067848840774}",0.7925780960008585,577,18.6,0.7927985037015689
tpe,0,"{'learning_rate': 0.03654452355213248, 'num_leaves': 116, 'min_child_samples': 210, 'subsample': 0.7993292420985183, 'colsample_bytree': 0.29361118426546196, 'reg_lambda': 0.004993515273965262}",0.7903981645866128,373,15.3,0.7903981645866128
tpe,1,"{'learning_rate': 0.021959816073193316, 'num_leaves': 97, 'min_child_samples': 137, 'subsample': 0.8540362888980227, 'colsample_bytree': 0.21235069657748148, 'reg_lambda': 21.99905443150215}",0.7920644875744107,923,28.9,0.7920644875744107
tpe,2,"{'learning_rate': 0.07636290331793742, 'num_leaves': 24, 'min_child_samples': 35, 'subsample': 0.5917022549267169, 'colsample_bytree': 0.38254534577572263, 'reg_lambda': 0.22356209648036382}",0.7857952921991784,280,9.5,0.7920644875744107
tpe,3,"{'learning_rate': 0.04008174375308312, 'num_leaves': 29, 'min_child_samples': 142, 'subsample': 0.569746930326021, 'colsample_bytree': 0.3752867891211309, 'reg_lambda': 0.043676355831098176}",0.7893539072784297,638,18.0,0.7920644875744107
tpe,4,"{'learning_rate': 0.04166863122305895, 'num_leaves': 82, 'min_child_samples': 37, 'subsample': 0.7571172192068059, 'colsample_bytree': 0.5554487413172255, 'reg_lambda': 0.0016142252267366923}",0.787547430998971,278,14.8,0.7920644875744107
tpe,5,"{'learning_rate': 0.05317232167577955, 'num_leaves': 22, 'min_child_samples': 24, 'subsample': 0.9744427686266666, 'colsample_bytree': 0.7793792198447358, 'reg_lambda': 4.161912539691215}",0.7906013438130748,478,13.4,0.7920644875744107
tpe,6,"{'learning_rate': 0.032654713909375875, 'num_leaves': 19, 'min_child_samples': 180, 'subsample': 0.7200762468698007, 'colsample_bytree': 0.27322294090686733, 'reg_lambda': 0.16480374223944863}",0.7925157231845528,1116,25.1,0.7925157231845528
tpe,7,"{'learning_rate': 0.021138128828094058, 'num_leaves': 106, 'min_child_samples': 45, 'subsample': 0.831261142176991, 'colsample_bytree': 0.38702664565364664, 'reg_lambda': 0.21301372721189435}",0.7910194781903844,784,29.9,0.7925157231845528
tpe,8,"{'learning_rate': 0.0338543495695652, 'num_leaves': 21, 'min_child_samples': 170, 'subsample': 0.8442645046643531, 'colsample_bytree': 0.4331720179749179, 'reg_lambda': 0.03476411756761144}",0.7921086819259294,651,18.9,0.7925157231845528
tpe,9,"{'learning_rate': 0.020775990696214972, 'num_leaves': 17, 'min_child_samples': 485, 'subsample': 0.56392199699656, 'colsample_bytree': 0.3177403794263575, 'reg_lambda': 0.021255045735443855}",0.7926547285709793,1521,34.4,0.7926547285709793
tpe,10,"{'learning_rate': 0.025576208864738985, 'num_leaves': 60, 'min_child_samples': 436, 'subsample': 0.7832614060907169, 'colsample_bytree': 0.49373723370900435, 'reg_lambda': 0.0031791855811107417}",0.7927879152653564,631,24.8,0.7927879152653564
tpe,11,"{'learning_rate': 0.027744862681913732, 'num_leaves': 24, 'min_child_samples': 463, 'subsample': 0.6665439921081324, 'colsample_bytree': 0.5394556059003159, 'reg_lambda': 0.014627869977090638}",0.7923386686979049,749,24.7,0.7927879152653564
tpe,12,"{'learning_rate': 0.023161746527218266, 'num_leaves': 89, 'min_child_samples': 445, 'subsample': 0.7240577537469297, 'colsample_bytree': 0.5280877378057574, 'reg_lambda': 0.01646576939546323}",0.7912667923939561,672,30.4,0.7927879152653564
tpe,13,"{'learning_rate': 0.020142028271807343, 'num_leaves': 19, 'min_child_samples': 448, 'subsample': 0.6188008141110627, 'colsample_bytree': 0.21024249513208892, 'reg_lambda': 0.08313799265358869}",0.7936722871867314,1914,40.3,0.7936722871867314
tpe,14,"{'learning_rate': 0.02974273988560863, 'num_leaves': 54, 'min_child_samples': 410, 'subsample': 0.6705361268151299, 'colsample_bytree': 0.39508552035942235, 'reg_lambda': 0.14293191117195483}",0.7902810584612501,417,16.1,0.7936722871867314
tpe,15,"{'learning_rate': 0.02306860953689372, 'num_leaves': 18, 'min_child_samples': 270, 'subsample': 0.5773410238333537, 'colsample_bytree': 0.31641664037450157, 'reg_lambda': 0.4922806966797163}",0.7922158230463707,1315,31.1,0.7936722871867314
tpe,16,"{'learning_rate': 0.021001650659852183, 'num_leaves': 65, 'min_child_samples': 355, 'subsample': 0.8709986201965911, 'colsample_bytree': 0.4739864347534796, 'reg_lambda': 0.006943547336441237}",0.7928301007827151,758,29.5,0.7936722871867314
tpe,17,"{'learning_rate': 0.021805313287928278, 'num_leaves': 54, 'min_child_samples': 307, 'subsample': 0.9307282163872224, 'colsample_bytree': 0.3975227721130168, 'reg_lambda': 0.19941172008070998}",0.7925460931945865,808,28.6,0.7936722871867314
tpe,18,"{'learning_rate': 0.023113604770958855, 'num_leaves': 20, 'min_child_samples': 371, 'subsample': 0.8416263330296735, 'colsample_bytree': 0.2742679927021855, 'reg_lambda': 0.007975316988864488}",0.7933646287924834,1324,29.8,0.7936722871867314
tpe,19,"{'learning_rate': 0.023466849824450665, 'num_leaves': 28, 'min_child_samples': 346, 'subsample': 0.6715431198118751, 'colsample_bytree': 0.20185325694342846, 'reg_lambda': 0.07140005245935334}",0.7926677315664777,980,22.0,0.7936722871867314
tpe,20,"{'learning_rate': 0.023708153699824198, 'num_leaves': 18, 'min_child_samples': 476, 'subsample': 0.9278409307980209, 'colsample_bytree': 0.23213256404813015, 'reg_lambda': 0.18162322355876445}",0.793689030769976,1549,34.4,0.793689030769976
tpe,21,"{'learning_rate': 0.021121624885710906, 'num_leaves': 17, 'min_child_samples': 472, 'subsample': 0.8622366155854749, 'colsample_bytree': 0.2708138434979588, 'reg_lambda': 0.024097759079860056}",0.7934281594097582,1398,35.3,0.793689030769976
tpe,22,"{'learning_rate': 0.021891496669170604, 'num_leaves': 17, 'min_child_samples': 426, 'subsample': 0.9508052134172866, 'colsample_bytree': 0.27184224534712853, 'reg_lambda': 0.45715883411989156}",0.7941852523904186,1701,38.0,0.7941852523904186
tpe,23,"{'learning_rate': 0.02390914719298708, 'num_leaves': 16, 'min_child_samples': 391, 'subsample': 0.9795256050233045, 'colsample_bytree': 0.21810423653303068, 'reg_lambda': 0.08400494027812765}",0.793706942049924,1953,39.2,0.7941852523904186
tpe,24,"{'learning_rate': 0.02099690249231155, 'num_leaves': 17, 'min_child_samples': 273, 'subsample': 0.9881471270468716, 'colsample_bytree': 0.2509711817669957, 'reg_lambda': 0.1807341534831471}",0.7935668283412023,1822,38.4,0.7941852523904186
tpe,25,"{'learning_rate': 0.03398379872345353, 'num_leaves': 19, 'min_child_samples': 415, 'subsample': 0.9537561251596116, 'colsample_bytree': 0.2000019821076533, 'reg_lambda': 0.02860195332647066}",0.7935813354883869,1113,23.3,0.7941852523904186
tpe,26,"{'learning_rate': 0.022125434732435362, 'num_leaves': 28, 'min_child_samples': 382, 'subsample': 0.966060711377539, 'colsample_bytree': 0.2188910475043604, 'reg_lambda': 0.3244989742484894}",0.7940414574683595,1411,31.4,0.7941852523904186
