applicant,option,factor
101715,smaller loan,0.7
101715,higher income,
104110,smaller loan,
104110,higher income,
106010,smaller loan,0.95
106010,higher income,2.7
106491,smaller loan,0.5
106491,higher income,
108122,smaller loan,
108122,higher income,
112019,smaller loan,0.5
112019,higher income,
114180,smaller loan,0.35
114180,higher income,
117450,smaller loan,0.45
117450,higher income,
118264,smaller loan,0.95
118264,higher income,
127878,smaller loan,
127878,higher income,
129527,smaller loan,0.55
129527,higher income,
131030,smaller loan,
131030,higher income,
132885,smaller loan,0.25
132885,higher income,
134050,smaller loan,0.5
134050,higher income,
138481,smaller loan,
138481,higher income,
140749,smaller loan,0.85
140749,higher income,3.4
141160,smaller loan,0.45
141160,higher income,
142180,smaller loan,
142180,higher income,
143081,smaller loan,
143081,higher income,
148031,smaller loan,0.85
148031,higher income,
149118,smaller loan,0.25
149118,higher income,
149734,smaller loan,
149734,higher income,
160295,smaller loan,0.15
160295,higher income,
161662,smaller loan,0.45
161662,higher income,
171291,smaller loan,0.25
171291,higher income,
182841,smaller loan,
182841,higher income,
182985,smaller loan,0.3
182985,higher income,
183799,smaller loan,0.3
183799,higher income,
183878,smaller loan,0.45
183878,higher income,
185586,smaller loan,0.65
185586,higher income,
186695,smaller loan,
186695,higher income,
188449,smaller loan,
188449,higher income,
193060,smaller loan,0.3
193060,higher income,
201710,smaller loan,0.8
201710,higher income,
203905,smaller loan,0.25
203905,higher income,
207844,smaller loan,0.15
207844,higher income,
217342,smaller loan,0.9
217342,higher income,
227905,smaller loan,
227905,higher income,
233509,smaller loan,0.8
233509,higher income,2.0
242994,smaller loan,0.85
242994,higher income,
244387,smaller loan,
244387,higher income,
252096,smaller loan,0.6
252096,higher income,1.8
256776,smaller loan,0.95
256776,higher income,
259621,smaller loan,0.45
259621,higher income,
260962,smaller loan,0.5
260962,higher income,
261912,smaller loan,0.65
261912,higher income,
262188,smaller loan,0.4
262188,higher income,4.0
264045,smaller loan,0.15
264045,higher income,
264610,smaller loan,0.95
264610,higher income,1.1
266740,smaller loan,0.5
266740,higher income,
266759,smaller loan,0.7
266759,higher income,
274378,smaller loan,0.7
274378,higher income,
275855,smaller loan,
275855,higher income,
277165,smaller loan,0.9
277165,higher income,
277342,smaller loan,0.85
277342,higher income,1.2
277531,smaller loan,0.75
277531,higher income,
288084,smaller loan,
288084,higher income,
291290,smaller loan,0.65
291290,higher income,
293126,smaller loan,
293126,higher income,
293560,smaller loan,0.4
293560,higher income,
296926,smaller loan,0.8
296926,higher income,1.8
300435,smaller loan,0.25
300435,higher income,
300486,smaller loan,0.45
300486,higher income,
304907,smaller loan,0.35
304907,higher income,
305046,smaller loan,0.65
305046,higher income,
305846,smaller loan,0.9
305846,higher income,1.3
306625,smaller loan,0.8
306625,higher income,
309508,smaller loan,0.8
309508,higher income,
314438,smaller loan,
314438,higher income,
315970,smaller loan,0.25
315970,higher income,
317601,smaller loan,0.7
317601,higher income,2.1
322681,smaller loan,0.4
322681,higher income,
323253,smaller loan,0.95
323253,higher income,2.2
326472,smaller loan,
326472,higher income,
332545,smaller loan,0.2
332545,higher income,
333292,smaller loan,
333292,higher income,
334938,smaller loan,0.7
334938,higher income,1.7
338595,smaller loan,0.1
338595,higher income,
343492,smaller loan,0.2
343492,higher income,
346914,smaller loan,0.6
346914,higher income,
347763,smaller loan,0.6
347763,higher income,1.6
350436,smaller loan,0.8
350436,higher income,1.7
352508,smaller loan,0.9
352508,higher income,1.6
355874,smaller loan,0.35
355874,higher income,
359547,smaller loan,0.35
359547,higher income,
362341,smaller loan,0.6
362341,higher income,
362369,smaller loan,0.95
362369,higher income,1.6
371896,smaller loan,0.55
371896,higher income,
372043,smaller loan,
372043,higher income,
372316,smaller loan,
372316,higher income,
375204,smaller loan,0.9
375204,higher income,
376336,smaller loan,0.35
376336,higher income,
376532,smaller loan,0.95
376532,higher income,
378061,smaller loan,0.6
378061,higher income,
381674,smaller loan,0.9
381674,higher income,1.7
381764,smaller loan,0.85
381764,higher income,
388265,smaller loan,0.95
388265,higher income,1.2
390099,smaller loan,0.8
390099,higher income,1.3
394742,smaller loan,0.95
394742,higher income,1.2
403342,smaller loan,0.75
403342,higher income,
403803,smaller loan,
403803,higher income,
414050,smaller loan,
414050,higher income,
416861,smaller loan,
416861,higher income,
420833,smaller loan,0.5
420833,higher income,
422850,smaller loan,0.35
422850,higher income,
423081,smaller loan,
423081,higher income,
429873,smaller loan,0.95
429873,higher income,
440792,smaller loan,0.85
440792,higher income,
442299,smaller loan,0.95
442299,higher income,1.1
445052,smaller loan,0.95
445052,higher income,
445493,smaller loan,0.95
445493,higher income,1.9
453550,smaller loan,0.95
453550,higher income,2.1
