method,ROC-AUC,profit (millions),approval rate,"good declined, women","good declined, men",equal opportunity gap,demographic parity difference,equalized odds difference,gender needed when deciding
"final model, one threshold",0.7930622146296877,1144.1754063000003,0.8744105882735521,0.08330690347816894,0.12629665276441027,0.04298974928624133,0.056598030637304175,0.05976692153851837,False
reweighing (retrained),0.7905405245547488,1142.9646700500002,0.8755812819095314,0.09123586002748707,0.10822371938830067,0.016987859360813595,0.028491945404169883,0.016987859360813595,False
"light model, one threshold",0.789173506318613,1141.41718125,0.8739227992585606,0.08563273073263555,0.1253341888568068,0.03970145812417125,0.053684022021268096,0.06427071295519426,False
ExponentiatedGradient (light base),,1131.0567151500002,0.8840362915027153,0.08473411565704625,0.10202117420596724,0.017287058548920986,0.02809235049957126,0.017287058548920986,False
"group thresholds, no limit",,1145.6998362000004,0.877890149913824,0.06374881065651761,0.15720243824189928,0.09345362758538167,0.1124843313433157,0.17662012485026934,True
"group thresholds, gap <= 0.04",,1142.8256988000003,0.8823452895840785,0.0778623533143038,0.1165650732541974,0.038702719939893604,0.05323519998267312,0.07102640008020811,True
"group thresholds, gap <= 0.03",,1140.7321494,0.8830932327403986,0.0814039539063326,0.10833065982247891,0.02692670591614632,0.038993172714868796,0.032861582949442525,True
"group thresholds, gap <= 0.02",,1143.6100101,0.8801664986504504,0.08705994291151287,0.10362528071863975,0.01656533780712688,0.02716568519449214,0.01656533780712688,True
"group thresholds, gap <= 0.01",,1142.878923,0.8741179148645573,0.09557035627444765,0.10351834028446161,0.007947984010013953,0.017864398164115114,0.016564031935495827,True
"group thresholds, gap <= 0.005",,1141.8432403499999,0.8736301258495659,0.09736758642562637,0.1013795316008983,0.004011945175271925,0.013790068691496571,0.02219179238761626,True
"group thresholds, gap <= 0.0025",,1140.6022838999997,0.8706058339566193,0.10122634527962782,0.10234199550850176,0.0011156502288739434,0.010372266086427051,0.03170859123937375,True
