,LightGBM (final),"LightGBM, reweighed",validation (Steps 10-11)
approval rate,0.875060973626874,0.8764755617703489,0.8744
defaulters declined,0.44370594159113796,0.43564954682779455,0.4452
good customers declined,0.0969453632134708,0.09611404920671418,0.0975
profit (millions),2314.6438603500005,2301.86288925,
profit vs approving everyone,0.13851250919501346,0.13222588526712764,
conformal coverage repay,0.901692696818013,,0.9015
conformal coverage default,0.9017119838872105,,0.9069
defaulters auto-approved,0.09828801611278953,,0.0931
good customers auto-declined,0.09830730318198702,,0.0985
share approve,0.4047673246398491,,0.4024
share refer,0.4688140223082176,,0.4709
share decline,0.12641865305193328,,0.1267
