alpha,coverage repay,coverage default,defaulters auto-approved,good customers auto-declined,share approve,share refer,share decline
0.02,0.9816,0.975,0.025,0.0184,0.1713,0.7989,0.0298
0.04,0.9612,0.9577,0.0423,0.0388,0.2488,0.6942,0.0571
0.06,0.941,0.9384,0.0616,0.059,0.3086,0.6102,0.0812
0.08,0.921,0.9255,0.0745,0.079,0.3552,0.5399,0.1049
0.1,0.9015,0.9069,0.0931,0.0985,0.4024,0.4709,0.1267
0.12,0.8813,0.888,0.112,0.1187,0.444,0.4072,0.1488
0.14,0.8637,0.8715,0.1285,0.1363,0.489,0.3434,0.1676
0.16,0.8424,0.8529,0.1471,0.1576,0.5261,0.2839,0.1899
0.18,0.824,0.8352,0.1648,0.176,0.5522,0.2388,0.2089
0.2,0.8048,0.8135,0.1865,0.1952,0.5843,0.1867,0.229
0.22,0.7843,0.7973,0.2027,0.2157,0.6054,0.1439,0.2507
0.24,0.7663,0.7776,0.2224,0.2337,0.6298,0.1012,0.269
0.26,0.7447,0.7562,0.2438,0.2553,0.6565,0.0524,0.2912
0.28,0.7264,0.7377,0.2623,0.2736,0.6752,0.0149,0.3098
0.3,0.7038,0.716,0.2554,0.269,0.6677,0.0273,0.3051
