model,attribute,group,applicants,default rate,mean predicted,ROC-AUC,approval rate,good customers declined,defaulters declined,demographic parity difference,equal opportunity gap,equalized odds difference,disparate impact ratio
LightGBM (final),gender,F,40544.0,0.06994869771112865,0.0726605134444852,0.7863697968338997,0.8954715864246251,0.08154768218945585,0.41008462623413255,,,,
LightGBM (final),gender,M,20958.0,0.10158412062219678,0.09393215360334685,0.78641338584553,0.8355759137322264,0.12778161346858574,0.488492249882574,,,,
LightGBM (final),gender,gap,,,,,,,,0.059895672692398705,0.04623393127912989,0.07840762364844145,0.9331127044113752
LightGBM (final),age band,<30,8953.0,0.1123645705350162,0.11615050076268961,0.7564719897551898,0.7656651401764771,0.19453881968038256,0.5487077534791253,,,,
LightGBM (final),age band,30-45,24787.0,0.08819139064832372,0.0870552387714678,0.7997362697559351,0.8568604510428853,0.11034909959736294,0.48215919487648673,,,,
LightGBM (final),age band,45-60,20608.0,0.0687111801242236,0.06644935454636317,0.7850708893536148,0.914353649068323,0.06471446436015005,0.36935028248587576,,,,
LightGBM (final),age band,60+,7154.0,0.049902152641878667,0.048568073394459885,0.7431891397135578,0.961839530332681,0.029277622480506138,0.20728291316526615,,,,
LightGBM (final),age band,gap,,,,,,,,0.19617439015620386,0.16526119719987642,0.3414248403138591,0.7960424956870393
"LightGBM, reweighed",gender,F,40544.0,0.06994869771112865,0.07618800749045895,0.787807165086988,0.8871842936069455,0.08934443619391108,0.4248942172073342,,,,
"LightGBM, reweighed",gender,M,20958.0,0.10158412062219678,0.08648824001276935,0.7880280513297336,0.8557591373222636,0.10967125179244785,0.4499765147956787,,,,
"LightGBM, reweighed",gender,gap,,,,,,,,0.0314251562846819,0.020326815598536774,0.02508229758834446,0.9645787729661901
"LightGBM, reweighed",age band,<30,8953.0,0.1123645705350162,0.11435280212413992,0.7581786242404638,0.7742656092929744,0.1869888008053353,0.5318091451292246,,,,
"LightGBM, reweighed",age band,30-45,24787.0,0.08819139064832372,0.08643938192061562,0.7991428169971833,0.8589179811998224,0.10880049555329407,0.47483989021043005,,,,
"LightGBM, reweighed",age band,45-60,20608.0,0.0687111801242236,0.06648010994680899,0.7840756315013553,0.913771350931677,0.06575656523551476,0.3637005649717514,,,,
"LightGBM, reweighed",age band,60+,7154.0,0.049902152641878667,0.05104716340693653,0.7471087302068099,0.9577858540676545,0.03339708695012511,0.2100840336134454,,,,
"LightGBM, reweighed",age band,gap,,,,,,,,0.1835202447746801,0.1535917138552102,0.3217251115157792,0.8083911513254435
