model,ROC-AUC,95% CI,fold mean ± std,PR-AUC,KS,Brier,ECE,seconds
lightgbm_v1,0.786,0.7826 to 0.7895,0.7860 ± 0.0045,0.2735,0.428,0.0662,0.0042,
xgboost,0.7846,0.7809 to 0.7879,0.7846 ± 0.0053,0.2685,0.4285,0.0664,0.0056,79.2
hist_gradient_boosting,0.7834,0.7798 to 0.7866,0.7834 ± 0.0045,0.2691,0.4255,0.0664,0.0044,108.8
ebm,0.7764,0.7731 to 0.7800,0.7765 ± 0.0048,0.2623,0.4156,0.0668,0.0015,172.3
logistic_regression,0.7756,0.7723 to 0.7792,0.7756 ± 0.0041,0.2594,0.4131,0.0669,0.0019,
svm_linear,0.7715,0.7681 to 0.7752,0.7715 ± 0.0053,0.254,0.4063,0.0672,0.0038,
svm_rbf_nystroem,0.7636,0.7601 to 0.7675,0.7636 ± 0.0049,0.243,0.4006,0.068,0.0071,
random_forest,0.7625,0.7593 to 0.7660,0.7625 ± 0.0062,0.2445,0.3936,0.0682,0.012,
adaboost,0.757,0.7532 to 0.7604,0.7570 ± 0.0043,0.2345,0.3789,0.1107,0.2044,
woe_scorecard,0.7548,0.7513 to 0.7583,0.7549 ± 0.0043,0.233,0.3838,0.0682,0.0011,
knn,0.7462,0.7424 to 0.7501,0.7462 ± 0.0048,0.2213,0.3716,0.0689,0.0072,
decision_tree,0.7252,0.7212 to 0.7296,0.7249 ± 0.0065,0.2003,0.3378,0.0702,0.0095,
naive_bayes_pca,0.7084,0.7039 to 0.7126,0.7086 ± 0.0044,0.1672,0.3236,0.1133,0.138,
naive_bayes_raw,0.5432,0.5405 to 0.5456,0.5431 ± 0.0059,0.0881,0.0867,0.8245,0.8253,
