,gain,permutation (AUC drop),mean |SHAP|,label
APP_EXT_MEAN,60162.53172707558,0.009575251961669862,0.19006097120622986,External credit scores (average)
APP_EXT_MAX,45401.41873073578,0.00402217616947409,0.14182512595832472,External credit scores (highest)
APP_EXT_MIN,40252.020246744156,0.004627769807109698,0.10166325969444588,External credit scores (lowest)
APP_ANNUITY_TO_CREDIT,15262.005225896835,0.006153532777157762,0.10088569764027634,Annuity ÷ loan amount (repayment speed)
APP_ORGANIZATION_TYPE,29949.479580163956,0.001975485767929571,0.09426334124669652,Employer type
POS_FUTURE_INSTALLMENTS_TOTAL,5462.93368768692,0.005268788635598691,0.07966237521737242,POS / cash loans: future installments total
APP_AMT_ANNUITY,5614.047743320465,0.003217492959243303,0.0759761325184547,Loan annuity
PREV_ANNUITY_MEAN,6417.0459856987,0.0004771773207927395,0.07272965631487212,Previous applications: annuity mean
APP_EXT_SOURCE_3,23372.643959522247,0.003934853074020824,0.07192208430003523,External credit score 3
APP_NAME_EDUCATION_TYPE,4632.632381439209,0.0017756876915173692,0.06797236890712109,Education
APP_OCCUPATION_TYPE,10565.872460842133,0.0016557734204792895,0.06177934415587962,Occupation
APP_CREDIT_MINUS_GOODS,5957.421560049057,0.0033375843562356566,0.060724706689956,Loan amount above the goods price
APP_GOODS_TO_CREDIT,9256.190224170685,0.001919868218289933,0.059628732463342576,Goods price ÷ loan amount
PREV_TOTAL_COST_MEAN,7820.349323511124,0.0017902120197671456,0.05938134266247174,Previous applications: total cost mean
BUR_ACTIVE_ENDS_IN_YEARS,6082.276872396469,0.001528242733407681,0.05728230659406146,Credit bureau: active ends in years
APP_AGE_YEARS,7080.077187776566,0.0019356324282197024,0.05717849675461847,Age
APP_EXT_SOURCE_2,11597.380843162537,0.0006498751262021818,0.055097639903899834,External credit score 2
APP_EXT_SOURCE_1,5495.7178337574005,0.0017739164319747018,0.05460858959849252,External credit score 1
APP_EMPLOYED_YEARS,8513.322081565857,6.659935880393153e-05,0.05444724703016545,Years employed
APP_OWN_CAR_AGE,3538.505342245102,4.7115503834701165e-05,0.053994723879517585,Car age
APP_NAME_FAMILY_STATUS,1514.5462701320648,-4.71155038348862e-05,0.05269682979739704,Family status
APP_EXT_PROD,14520.510087966919,0.002990594611828342,0.05219424715314513,External credit scores (product)
BUR_DEBT_RATIO_ACTIVE,8627.437264680862,0.0012744212409443456,0.0509800368679386,Credit bureau: debt ratio active
PREV_TERM_MEAN,3753.1377844810486,0.0014821899852985136,0.04890452325930502,Previous applications: term mean
BUR_ACTIVE_CREDIT_TOTAL,3948.3611998558044,0.003146642577536792,0.04803262351162885,Credit bureau: active credit total
INST_12M_COUNT,2055.297183036804,0.0001934215420584436,0.046914099069135434,Repayment history: 12m count
INST_COUNT,4385.175523519516,0.000646332607116847,0.04544680052623897,Repayment history: count
BUR_NEWEST_LOAN_YEARS,7136.821893215179,0.0012804435233894444,0.041596012510787365,Credit bureau: newest loan years
CC_UTIL_LATEST_MEAN,10633.34695315361,0.002742618275855905,0.04158423313067632,Credit cards: util latest mean
APP_EMPLOYED_TO_AGE,7774.016405105591,2.0723736649001328e-05,0.040788945014016136,Share of life employed
APP_ANNUITY_TO_INCOME,4029.3758113384247,-0.0008200931682520082,0.040531535572186674,Annuity ÷ income
BUR_MAX_OVERDUE_EVER,4121.783179283142,0.00222169084435934,0.04044673987457427,Credit bureau: max overdue ever
POS_MONTHS_MEAN,3535.288607120514,-0.0007395008590609006,0.037905317846187614,POS / cash loans: months mean
APP_AMT_GOODS_PRICE,4359.063645839691,0.0003960536337388835,0.03719896273242944,Goods price
APP_ID_PUBLISH_YEARS,3473.349376440048,-0.0009793294011372078,0.03691993059771255,Years since ID document changed
INST_12M_DPD_MEAN,6446.887018918991,0.0010471686416209103,0.03683347599146596,Repayment history: 12m days past due mean
PREV_GOODS_TO_CREDIT_MEAN,5065.958291530609,0.0005051632215667956,0.034540948836081393,Previous applications: goods to credit mean
INST_LATE_SHARE,4761.393429279327,-0.0003202437253131407,0.033243600361316634,Repayment history: late share
APP_REGION_POPULATION_RELATIVE,2645.7766947746277,1.2753068707072046e-05,0.03270376440711647,Application: region population relative
APP_FLAG_WORK_PHONE,1069.712218761444,-1.0627557256041401e-05,0.032211719089892975,Application: flag work phone
PREV_REFUSED_SHARE,6506.655355930328,-0.00012877056875145362,0.03105093695356869,Previous applications: refused share
APP_REGION_RATING_CLIENT_W_CITY,1918.6284306049347,-0.0004428148856652954,0.03048027903091636,Region rating (with city)
INST_LOAN_LATE_SHARE_MEAN,4475.207127094269,-0.000442283507802436,0.029996497096855274,Repayment history: loan late share mean
PREV_CURRENT_TO_MEAN_CREDIT,3572.663498878479,0.00033653931310543655,0.029936881656642232,This loan vs past loan sizes
INST_12M_LATE_SHARE,3639.2834796905518,0.0008091113590874185,0.029725583913583712,Repayment history: 12m late share
PREV_YEARS_SINCE_LAST_REFUSAL,4397.979542255402,0.00014577466036092002,0.0293023583055697,Previous applications: years since last refusal
PREV_RUNNING_CREDIT_TOTAL,3279.7085807323456,0.000961793931664808,0.02919190517318006,Previous applications: running credit total
APP_DOC_COUNT,1133.0395061969757,0.0007687266415147276,0.027690811673765397,Documents provided
PREV_HIGH_YIELD_SHARE,1619.1007702350616,0.0004406893742138947,0.027556154040569634,Previous applications: high yield share
PREV_YEARS_SINCE_FIRST,4813.575496912003,0.0015130099013407339,0.026935286133748314,Previous applications: years since first
BUR_MEAN_LOAN_AGE_YEARS,5159.869562387466,-0.0002678144428502893,0.02677388765038121,Credit bureau: mean loan age years
BUR_ACTIVE_COUNT,2507.042051792145,0.0007777600651823017,0.02659276141265583,Credit bureau: active count
CC_CASH_SHARE_MEAN,1643.952978849411,0.0005412969162370921,0.02610293745213808,Credit cards: cash share mean
POS_LOANS,2314.355977296829,0.00026161503445091644,0.0249244107837331,POS / cash loans: loans
APP_EXT_STD,6102.421023607254,0.0002963317214870938,0.023785303554174835,External credit scores (spread)
APP_WEEKDAY_APPR_PROCESS_START,1439.15185379982,-0.00043360433604352117,0.02342883000505197,Application: weekday appr process start
BUR_CLOSED_COUNT,1302.0767059326172,0.00027188833979833554,0.023058047190125767,Credit bureau: closed count
BUR_CREDIT_TOTAL,3000.3447608947754,2.6746019094063083e-05,0.022180915011963547,Credit bureau: credit total
PREV_ASK_TO_GIVEN_MAX,3480.1754405498505,-0.0003981791451902102,0.02092480185298669,Previous applications: ask to given max
BUR_CLOSED_DURATION_MEAN_YEARS,3490.6464092731476,0.00036682785128498246,0.02050248287420378,Credit bureau: closed duration mean years
APP_FLAG_DOCUMENT_3,1439.3425002098083,0.0008514444621569398,0.020330042737970153,Application: flag document 3
INST_LOAN_DPD_MAX_MEAN,3205.7817890644073,0.0004908160192712193,0.02024207623250132,Repayment history: loan days past due max mean
BUR_DEBT_TO_INCOME,3351.4467062950134,0.00013266733974522568,0.019899737313960025,Credit bureau debt ÷ income
INST_PAID_RATIO_MEAN,1831.542771100998,0.0006897284659120503,0.019898986189091045,Repayment history: paid ratio mean
CC_UTIL_6M_MEAN,4507.504811763763,0.0002798590077403758,0.01939975745838975,Credit cards: util 6m mean
BUR_CREDIT_MAX,3567.4791400432587,-0.00017163504968390844,0.01819478587455734,Credit bureau: credit max
APP_DEF_60_CNT_SOCIAL_CIRCLE,1147.8546121120453,8.32491985051457e-06,0.018092842152701245,Application: def 60 count social circle
APP_AMT_REQ_CREDIT_BUREAU_QRT,835.1256918907166,-0.0002150309084791117,0.01789346491175583,Application: amount req credit bureau qrt
PREV_DOWN_PAYMENT_RATE_MEAN,2082.4211885929108,0.000523407194856181,0.01781705640517138,Previous applications: down payment rate mean
BUR_MORTGAGE_COUNT,898.3765993118286,0.00066156543918372,0.017726692845777825,Credit bureau: mortgage count
APP_REG_CITY_NOT_LIVE_CITY,1091.5947325229645,0.00011938289317525719,0.017723335042908822,Application: reg city not live city
APP_DEF_30_CNT_SOCIAL_CIRCLE,1192.7465960979462,0.0007393237331065524,0.01743331533598016,Application: def 30 count social circle
INST_12M_DPD_MAX,3850.42777633667,0.0009127300423330542,0.01739492612512396,Repayment history: 12m days past due max
INST_12M_PAID_RATIO_MEAN,1462.9437623023987,-0.0002355775191739499,0.015995849293115257,Repayment history: 12m paid ratio mean
APP_AMT_CREDIT,2853.8475646972656,0.000966930584338462,0.015837454311405423,Loan amount
PREV_REVOLVING_SHARE,1012.4340667724609,-0.00027348247338691384,0.014957921162448972,Previous applications: revolving share
APP_NAME_INCOME_TYPE,600.8981828689575,0.00025205023292059386,0.014327468971572941,Income type
INST_DPD_MEAN,3140.091590166092,-0.00045485945055541893,0.014302323308772671,Repayment history: days past due mean
PREV_CREDIT_MAX,4004.032112598419,0.00010503569087964386,0.014268539970027189,Previous applications: credit max
APP_REGISTRATION_YEARS,2413.2610251903534,0.0002780877481975974,0.013806742522946348,Years since registration changed
CC_PAY_TO_MIN_MEAN,1485.557978630066,-0.0002518731069664308,0.012825683500586849,Credit cards: pay to min mean
APP_CREDIT_TO_INCOME,2120.143467903137,0.00020475760313150756,0.012372759506324967,Loan amount ÷ income
BUR_LIMIT_TOTAL,1506.8139386177063,0.00012363391607761454,0.012026144873273768,Credit bureau: limit total
BB_LATE_SHARE_MEAN,1270.432445526123,-0.00025576987796027684,0.011734316567231753,Bureau monthly status: late share mean
BB_UNKNOWN_SHARE_MEAN,1212.8937442302704,2.2672122145942868e-05,0.011479045757759434,Bureau monthly status: unknown share mean
BUR_OLDEST_LOAN_YEARS,3042.3943185806274,0.00018686788175059643,0.010828330156008464,Credit bureau: oldest loan years
POS_DPD_DEF_MAX,904.7146134376526,8.85629771326298e-06,0.010644072969444347,POS / cash loans: days past due def max
PREV_APPROVED_SHARE,2480.929674386978,-0.00016578989319304682,0.01057369011903802,Previous applications: approved share
BUR_AVG_GAP_DAYS,2320.0467715263367,-5.136652673720654e-05,0.010550511940464068,Credit bureau: average gap days
APP_PHONE_CHANGE_YEARS,1863.9311447143555,0.00022335582832947823,0.009986518140236461,Years since phone changed
POS_COMPLETED_SHARE,1121.2651889324188,0.0003074906566058466,0.009869725776700849,POS / cash loans: completed share
CC_MONTHS_MEAN,1761.1571991443634,-8.484333209350196e-05,0.009190181312850725,Credit cards: months mean
PREV_REFUSED_ASKED_MEAN,2065.841315984726,-0.00012310253821494013,0.009186113998574781,Previous applications: refused asked mean
APP_HOUR_APPR_PROCESS_START,753.8429806232452,0.0003900313512937477,0.008909976208793233,Application: hour appr process start
APP_FLAG_OWN_CAR,638.2624654769897,-0.0002391200382592847,0.008835781825584478,Application: flag own car
CC_UTIL_MAX,1698.6920371055603,6.252546185584833e-05,0.008787341969070776,Credit cards: util max
PREV_YEARS_SINCE_LAST,2306.3442075252533,0.00039286536656206,0.008751850350527682,Previous applications: years since last
BUR_CAR_COUNT,353.99910974502563,-0.0005992171032821089,0.008088589343407003,Credit bureau: car count
INST_LOANS,1110.164740562439,-1.4701454204124609e-05,0.008004029093714603,Repayment history: loans
PREV_CREDIT_MEAN,2745.3277921676636,-0.00036806773296501244,0.007985753885378507,Previous applications: credit mean
BUR_ACTIVE_DEBT_TOTAL,2172.725289583206,1.3638698478442754e-05,0.007786302032414776,Credit bureau: active debt total
CC_BELOW_MIN_SHARE_MEAN,795.2464501857758,0.00019342154205859163,0.007476858223173943,Credit cards: below min share mean
INST_DBD_MEAN,2650.615208864212,0.00044316913757365867,0.007410443215056115,Repayment history: dbd mean
APP_ENTRANCES_AVG,666.1751191616058,-0.00033016277875201155,0.007405780117957377,Application: entrances average
APP_INCOME_PER_PERSON,1434.4748101234436,0.00014559753440668288,0.007257553856939945,Income per family member
PREV_ASK_TO_GIVEN_MEAN,1911.5160291194916,-0.0002626777901766353,0.007251199075483699,Previous applications: ask to given mean
APP_YEARS_BEGINEXPLUATATION_MEDI,1158.0230693817139,0.00012009139699224274,0.006971143040773626,Application: years beginexpluatation medi
APP_AMT_INCOME_TOTAL,1518.0402204990387,0.0002791505039232793,0.006827227359132999,Income
APP_REGION_RATING_CLIENT,745.7951416969299,-0.00024053704589340383,0.0068007956839048886,Region rating
POS_12M_DPD_MAX,1011.5932912826538,-0.000155870839754213,0.006650739649229611,POS / cash loans: 12m days past due max
BB_LOANS_WITH_HISTORY,397.45872735977173,-0.00010521281683417705,0.006527210094220838,Bureau monthly status: loans with history
APP_YEARS_BEGINEXPLUATATION_MODE,1175.4437305927277,-4.782400765290795e-06,0.006351165911739621,Application: years beginexpluatation mode
BUR_ANNUITY_BURDEN,1859.0982801914215,-0.00022052181306131402,0.006149160662782796,All repayments ÷ income
CC_UTIL_MEAN,1558.597685098648,-0.00023380625963128251,0.006140004977868926,Credit cards: util mean
PREV_XSELL_SHARE,876.471862077713,-5.544042368536376e-05,0.005784497603616679,Previous applications: xsell share
INST_UNDERPAID_TOTAL,949.4003131389618,0.0002695857023928827,0.005704813590650956,Repayment history: underpaid total
INST_SPLIT_PAYMENTS_SHARE,1366.8196370601654,0.0003213064810386375,0.005637695401681389,Repayment history: split payments share
CC_DRAWN_TOTAL,1126.8558597564697,0.00032998565279762637,0.005582861432745621,Credit cards: drawn total
POS_DPD_SHARE_MEAN,815.4109442234039,-0.00016224737410778603,0.0055512469027624075,POS / cash loans: days past due share mean
APP_APARTMENTS_MODE,1025.1188628673553,0.00011442336645576627,0.0055031413932339615,Application: apartments mode
PREV_APPROVED_COUNT,529.6061656475067,9.157411835554925e-05,0.005422824289287369,Previous applications: approved count
APP_NAME_CONTRACT_TYPE,352.15686893463135,4.959526719446513e-05,0.005393857483914443,Contract type
APP_EXT_NA_COUNT,789.8191390037537,5.809731299921683e-05,0.0052266487094116115,External credit scores missing
POS_DPD_MAX,565.1935181617737,-0.0001420550153214221,0.00511570617371923,POS / cash loans: days past due max
BUR_MICROLOAN_COUNT,771.4004800319672,0.00013833537028177614,0.00486092924823772,Credit bureau: microloan count
POS_TERM_CHANGES_TOTAL,568.9194903373718,9.35225038524538e-05,0.004733067827139998,POS / cash loans: term changes total
BUR_CONSUMER_COUNT,768.7388896942139,0.0002989886108010949,0.0046014030436779,Credit bureau: consumer count
APP_BUREAU_REQ_TOTAL,526.7300782203674,0.0001399295038701324,0.0045994879327226285,Application: bureau req total
APP_APARTMENTS_MEDI,1028.475260734558,3.205979772210229e-05,0.004556538411784518,Application: apartments medi
APP_FLAG_PHONE,112.53211975097656,6.589085498690898e-05,0.004550840919356884,Application: flag phone
APP_BASEMENTAREA_AVG,752.9690852165222,0.00018899339320184913,0.004307542172791301,Application: basementarea average
BUR_LOANS_LAST_YEAR,991.5296025276184,4.888676337736856e-05,0.00430195552580495,Credit bureau: loans last year
APP_APARTMENTS_AVG,962.8345098495483,1.8243973289311377e-05,0.004275048115302276,Application: apartments average
APP_ENTRANCES_MEDI,494.14554262161255,-0.00020599748481146354,0.004269275209339196,Application: entrances medi
PREV_CASH_SHARE,1313.8737902641296,0.0003418530917334757,0.004128558578307282,Previous applications: cash share
APP_LOG_INCOME,970.4780361652374,-0.00015480808402864218,0.004111658495504887,Income (log)
BB_HISTORY_MONTHS_MAX,871.6104378700256,2.0015232831978775e-05,0.004086733880276552,Bureau monthly status: history months max
APP_N_MISSING,597.0157182216644,-2.3203500008987337e-05,0.004056729671308145,Missing fields in the application
INST_DPD_MAX,1159.3253116607666,2.2317870237394583e-05,0.003998938735574207,Repayment history: days past due max
PREV_CONSUMER_SHARE,1051.6868734359741,0.000195192801601111,0.0039119517172635345,Previous applications: consumer share
BB_LATE_MONTHS_TOTAL,566.9863905906677,-0.000269939954301505,0.003862284496839139,Bureau monthly status: late months total
APP_LIVINGAREA_MODE,852.0631136894226,-5.189790459999196e-05,0.003682663954388096,Application: livingarea mode
INST_VERSION_CHANGES_MAX,739.4457602500916,-8.76773473617402e-05,0.0036287778332056513,Repayment history: version changes max
APP_TOTALAREA_MODE,1190.46417927742,9.67107710292033e-05,0.003623775204889269,Application: totalarea mode
INST_12M_UNDERPAID_TOTAL,764.691153049469,-0.00015746497334260626,0.003444522537631631,Repayment history: 12m underpaid total
APP_BASEMENTAREA_MEDI,910.4157769680023,-0.00014967143135495112,0.003411046483117323,Application: basementarea medi
APP_WALLSMATERIAL_MODE,238.0910701751709,-0.000330694156614834,0.003384450044071305,Application: wallsmaterial mode
APP_NAME_HOUSING_TYPE,418.39798164367676,-0.0001023788015659018,0.00337457014619424,Application: name housing type
BUR_OVERDUE_TOTAL,893.7204880714417,0.00048709637423164737,0.003260285073019493,Credit bureau: overdue total
APP_NONLIVINGAREA_MODE,624.6192994117737,0.00011530899622717398,0.003166623190183406,Application: nonlivingarea mode
BB_LATEST_CLOSED_SHARE,500.8115801811218,-0.00019607843137259273,0.0031285978466681626,Bureau monthly status: latest closed share
BUR_ACTIVE_ANNUITY_TOTAL,731.2914063930511,-4.162459925249884e-05,0.00311911179197765,Credit bureau: active annuity total
POS_ACTIVE_LOANS,208.7699089050293,3.7196450395793335e-05,0.003086713288205895,POS / cash loans: active loans
APP_YEARS_BEGINEXPLUATATION_AVG,805.273020029068,2.0546610694764194e-05,0.003076256328526501,Application: years beginexpluatation average
APP_NONLIVINGAREA_AVG,646.661943435669,0.00018881626724757497,0.002979465797077448,Application: nonlivingarea average
APP_LIVINGAREA_MEDI,811.9959170818329,-6.270258781023348e-05,0.0029355316038081176,Application: livingarea medi
APP_LANDAREA_MEDI,798.186288356781,-1.9129603060793105e-05,0.002894488569807334,Application: landarea medi
APP_AMT_REQ_CREDIT_BUREAU_YEAR,552.6706669330597,3.896770993849774e-05,0.0028453185859195116,Application: amount req credit bureau year
APP_OBS_30_CNT_SOCIAL_CIRCLE,567.909451007843,-2.444338168883231e-05,0.0028114797931189923,Application: obs 30 count social circle
APP_ENTRANCES_MODE,377.8474717140198,-5.597180154814918e-05,0.0027272869617701342,Application: entrances mode
INST_UNDERPAID_MAX,589.0713906288147,9.795065270912229e-05,0.0026995934140743583,Repayment history: underpaid max
APP_YEARS_BUILD_AVG,581.6865978240967,-0.00016986379014131506,0.0026285571879741494,Application: years build average
APP_LIVINGAPARTMENTS_AVG,567.423966884613,4.392723665791465e-05,0.0025815667506700244,Application: livingapartments average
APP_OBS_60_CNT_SOCIAL_CIRCLE,523.1278896331787,-3.6310820624607665e-05,0.0025295771782017605,Application: obs 60 count social circle
PREV_RUNNING_COUNT,153.22802209854126,5.862869086196524e-05,0.002519744456233904,Previous applications: running count
APP_LIVINGAPARTMENTS_MEDI,505.06589102745056,-0.00014524328249820861,0.0024446432883043633,Application: livingapartments medi
BUR_COUNT,640.0085394382477,8.980285881284485e-05,0.002402158125435046,Credit bureau: count
APP_LANDAREA_AVG,843.1254682540894,9.192837026406053e-05,0.0023228274179156157,Application: landarea average
APP_LIVINGAREA_AVG,612.5620501041412,-9.263687408123111e-05,0.0023219410749592685,Application: livingarea average
APP_NONLIVINGAREA_MEDI,657.7880585193634,0.00010574419469677743,0.002278466696079033,Application: nonlivingarea medi
APP_COMMONAREA_MEDI,464.0092513561249,-0.0001121207290505355,0.002222266675945995,Application: commonarea medi
CC_DPD_MONTHS_TOTAL,149.1359202861786,0.00015268257257727846,0.002153272021387744,Credit cards: days past due months total
PREV_REFUSED_COUNT,509.83192205429077,0.00010485856492548074,0.00215310265082809,Previous applications: refused count
APP_COMMONAREA_AVG,576.2667984962463,5.5263297730941595e-05,0.0021231695323798982,Application: commonarea average
APP_BASEMENTAREA_MODE,577.004045009613,0.00011814301149544922,0.0020789162098872,Application: basementarea mode
APP_LANDAREA_MODE,591.5648736953735,1.1336061072915923e-05,0.002067966831804636,Application: landarea mode
APP_YEARS_BUILD_MODE,403.9441237449646,-8.324919850588586e-06,0.002034128758582901,Application: years build mode
APP_YEARS_BUILD_MEDI,514.5045690536499,4.5167118337833635e-05,0.0019967326219737,Application: years build medi
APP_CNT_FAM_MEMBERS,208.9228286743164,5.561754963941586e-05,0.0019907305421921007,Application: count fam members
BUR_CARD_COUNT,378.42948937416077,0.00012664505730020092,0.001980228024144023,Credit bureau: card count
APP_DAYS_EMPLOYED_ANOM,73.91640853881836,2.391200382582485e-05,0.001894995510841324,No employment record
PREV_COUNT,428.97462010383606,1.3992950386917022e-05,0.0018347162339411092,Previous applications: count
APP_NONLIVINGAPARTMENTS_AVG,191.7808918952942,-5.579467559383803e-05,0.0018118476420335412,Application: nonlivingapartments average
APP_LIVINGAPARTMENTS_MODE,405.88537979125977,-4.8355385514731175e-05,0.0017946463215475785,Application: livingapartments mode
APP_COMMONAREA_MODE,419.72063660621643,-8.661459163613235e-05,0.001764125326196754,Application: commonarea mode
APP_NONLIVINGAPARTMENTS_MEDI,185.45380091667175,-0.00012629080539172666,0.001669068236284585,Application: nonlivingapartments medi
PREV_LAST_REFUSED,198.06794023513794,-1.6118461838243725e-05,0.0015054164619514347,Previous applications: last refused
APP_NONLIVINGAPARTMENTS_MODE,210.75291967391968,-0.00011761163363273781,0.001466985675462699,Application: nonlivingapartments mode
APP_FLOORSMAX_AVG,231.36345958709717,-0.00012009139699246478,0.001379850574262177,Application: floorsmax average
APP_NAME_TYPE_SUITE,168.98657202720642,0.0001496714313548031,0.0013652971528270456,Application: name type suite
APP_FLOORSMAX_MEDI,166.6617512702942,-0.00010840108401092656,0.0013646148392360852,Application: floorsmax medi
BUR_SOLD_OR_BAD_COUNT,129.6487696170807,-0.0001700409160954782,0.0013135875113741405,Credit bureau: sold or bad count
APP_ELEVATORS_AVG,286.50940990448,-4.6938377880575054e-05,0.0012827139976885156,Application: elevators average
BB_LATEST_LATE_SHARE,185.57023930549622,-2.6037515277151552e-05,0.0012774239836485905,Bureau monthly status: latest late share
APP_ELEVATORS_MEDI,250.9673318862915,-5.986857254203226e-05,0.0011308813518523765,Application: elevators medi
BB_LATE_12M_TOTAL,131.2021894454956,-2.6391767185699837e-05,0.0010748022467164272,Bureau monthly status: late 12m total
APP_FLOORSMIN_MODE,218.50002145767212,-3.50709389447997e-05,0.0010706979073966155,Application: floorsmin mode
CC_DPD_MAX,234.7596402168274,6.199408399187867e-06,0.001038631803418936,Credit cards: days past due max
PREV_APPS_LAST_YEAR,326.2463707923889,-1.5232832066947033e-05,0.0010041069894510875,Previous applications: apps last year
APP_FLOORSMIN_AVG,157.74231958389282,-3.294542749351e-05,0.0009796329062040049,Application: floorsmin average
APP_AMT_REQ_CREDIT_BUREAU_MON,177.38223028182983,1.5055706112524861e-05,0.0009293338322868619,Application: amount req credit bureau mon
APP_CNT_CHILDREN,117.15471887588501,1.8066847335074243e-05,0.000912033612637873,Application: count children
INST_PAID_RATIO_MIN,259.7307195663452,2.8163026728256213e-05,0.0008294183062049161,Repayment history: paid ratio min
APP_LIVE_CITY_NOT_WORK_CITY,68.64960956573486,-1.204456489012351e-05,0.0008187652908528937,Application: live city not work city
BUR_PROLONG_TOTAL,88.45363068580627,3.719645039586735e-05,0.0007998254957733821,Credit bureau: prolong total
APP_FLAG_OWN_REALTY,119.50797080993652,2.3734877871587717e-05,0.0007706069517472568,Application: flag own realty
APP_FLAG_DOCUMENT_6,51.46430063247681,-2.3557751917461605e-05,0.0007645048761390428,Application: flag document 6
APP_AMT_REQ_CREDIT_BUREAU_DAY,69.82916903495789,-1.23988167987088e-05,0.0007611156296930743,Application: amount req credit bureau day
APP_CHILDREN_RATIO,126.47328090667725,2.1963618328994332e-05,0.00072121440344201,Application: children ratio
BB_WORST_STATUS_MAX,127.06866836547852,3.064279008802018e-05,0.000699386098822728,Bureau monthly status: worst status max
APP_FLOORSMIN_MEDI,162.95244979858398,-4.3572984749477385e-05,0.0006657204732927238,Application: floorsmin medi
PREV_LAST_CASH,76.4601902961731,4.357298474929235e-05,0.0006600356267668259,Previous applications: last cash
APP_FLAG_DOCUMENT_8,20.937900066375732,-7.401486830834377e-17,0.000621709097294454,Application: flag document 8
APP_FLOORSMAX_MODE,115.40133047103882,2.3026374054158083e-06,0.0006204647670870156,Application: floorsmax mode
APP_ELEVATORS_MODE,99.11907911300659,3.790495421285289e-05,0.0005121482630579745,Application: elevators mode
APP_REG_CITY_NOT_WORK_CITY,78.91547107696533,4.4104362612114777e-05,0.0004924129318625492,Application: reg city not work city
APP_AMT_REQ_CREDIT_BUREAU_WEEK,76.5429801940918,-2.338062596322447e-05,0.0004610483529490825,Application: amount req credit bureau week
BUR_DAYS_OVERDUE_MAX,32.0961799621582,5.845156490676591e-06,0.0004598837003024797,Credit bureau: days overdue max
PREV_CANCELED_COUNT,92.35139894485474,-6.376534353684053e-06,0.0004533667917987384,Previous applications: canceled count
CC_LIMIT_CHANGES_TOTAL,67.2167706489563,1.664983970091812e-05,0.0003107397969409877,Credit cards: limit changes total
BUR_OVERDUE_NOW_SHARE,43.85649013519287,1.0273305347382097e-05,0.000262683742854931,Credit bureau: overdue now share
APP_LIVE_REGION_NOT_WORK_REGION,17.887919902801514,-1.3284446570079508e-05,0.00024038245036892483,Application: live region not work region
APP_FLAG_EMAIL,17.009899616241455,7.085038170225507e-07,0.00021522055846095168,Application: flag email
APP_FLAG_EMP_PHONE,90.87139892578125,1.7004091609429395e-05,0.0002033393587041651,Application: flag emp phone
PREV_UNUSED_COUNT,50.14414024353027,6.907912216247425e-06,0.0001815257316668299,Previous applications: unused count
APP_FONDKAPREMONT_MODE,13.963399887084961,1.505570611256187e-05,0.0001699434140945819,Application: fondkapremont mode
APP_REG_REGION_NOT_WORK_REGION,27.972899436950684,1.0804683210130506e-05,9.499602492776082e-05,Application: reg region not work region
APP_HOUSETYPE_MODE,15.716430187225342,3.7196450394979172e-06,5.669216386591372e-05,Application: housetype mode
CC_CARDS,9.177459716796875,-3.719645039682954e-06,5.5085057995556584e-05,Credit cards: cards
APP_REG_REGION_NOT_LIVE_REGION,6.42795991897583,3.8967709937720585e-06,4.0633537424287705e-05,Application: reg region not live region
APP_AMT_REQ_CREDIT_BUREAU_HOUR,0.0,0.0,0.0,Application: amount req credit bureau hour
APP_EMERGENCYSTATE_MODE,0.0,0.0,0.0,Application: emergencystate mode
APP_FLAG_DOCUMENT_5,0.0,0.0,0.0,Application: flag document 5
BUR_HAS_HISTORY,0.0,0.0,0.0,Credit bureau: has history
INST_MISSED_COUNT,0.0,0.0,0.0,Repayment history: missed count
PREV_HAS_HISTORY,0.0,0.0,0.0,Previous applications: has history
POS_HAS_HISTORY,0.0,0.0,0.0,POS / cash loans: has history
POS_DEMAND_COUNT,0.0,0.0,0.0,POS / cash loans: demand count
INST_HAS_HISTORY,0.0,0.0,0.0,Repayment history: has history
CC_HAS_HISTORY,0.0,0.0,0.0,Credit cards: has history
