model,training rows,train ROC-AUC,held-out ROC-AUC
LightGBM (final settings),2952,0.9986526996530701,0.7187352522627636
logistic regression,2952,0.8557041328438142,0.7127508264472379
LightGBM (final settings),7380,0.9999966149716419,0.7363339160535715
logistic regression,7380,0.829841878071762,0.7390400531646373
LightGBM (final settings),14760,0.9997615199292489,0.7502428066963804
logistic regression,14760,0.8117257174224636,0.7548876963736822
LightGBM (final settings),36900,0.9794449974941049,0.7725894539294073
logistic regression,36900,0.7919900092624962,0.7661606502479407
LightGBM (final settings),73801,0.9348185993437789,0.7843399462768474
logistic regression,73801,0.7860584442676024,0.7756022301740388
LightGBM (final settings),147602,0.8856837090158455,0.7936850526845951
logistic regression,147602,0.7818741002572547,0.7775678298687277
