feature,bin,woe,points,iv
APP_EXT_MEAN,"(-inf, 0.3038]",-1.212781897425754,19.345037218202705,0.6136193802307257
APP_EXT_MEAN,"(0.3038, 0.3844]",-0.6527448269814433,18.990699905568157,0.6136193802307257
APP_EXT_MEAN,"(0.3844, 0.4395]",-0.3094120386450972,18.7734721112332,0.6136193802307257
APP_EXT_MEAN,"(0.4395, 0.484]",-0.00900302076495079,18.583402328884,0.6136193802307257
APP_EXT_MEAN,"(0.484, 0.5244]",0.19989208621863996,18.4512337015959,0.6136193802307257
APP_EXT_MEAN,"(0.5244, 0.5637]",0.42722499918704926,18.30739941328584,0.6136193802307257
APP_EXT_MEAN,"(0.5637, 0.6024]",0.7376258431843612,18.111007769400114,0.6136193802307257
APP_EXT_MEAN,"(0.6024, 0.644]",0.859163853821453,18.034110266815276,0.6136193802307257
APP_EXT_MEAN,"(0.644, 0.6927]",1.0471998390328148,17.915139275081597,0.6136193802307257
APP_EXT_MEAN,"(0.6927, inf]",1.4943487071170005,17.63222670263558,0.6136193802307257
APP_EXT_MEAN,missing,-0.11387634007275635,18.6497560259725,0.6136193802307257
APP_EXT_MIN,"(-inf, 0.1438]",-1.119067080240637,9.636560577636287,0.4671759182405107
APP_EXT_MIN,"(0.1438, 0.2195]",-0.5311831117772707,14.333648176690879,0.4671759182405107
APP_EXT_MIN,"(0.2195, 0.2822]",-0.293994136366815,16.22874560202974,0.4671759182405107
APP_EXT_MIN,"(0.2822, 0.3433]",-0.04542161460994957,18.214795523516344,0.4671759182405107
APP_EXT_MIN,"(0.3433, 0.4031]",0.1447666392859571,19.734365603298127,0.4671759182405107
APP_EXT_MIN,"(0.4031, 0.4633]",0.38542551894625615,21.65718694202154,0.4671759182405107
APP_EXT_MIN,"(0.4633, 0.5227]",0.5289516106391552,22.80393470449858,0.4671759182405107
APP_EXT_MIN,"(0.5227, 0.583]",0.7145207687474068,24.286599036365942,0.4671759182405107
APP_EXT_MIN,"(0.583, 0.6482]",0.9171452641642374,25.905532458168203,0.4671759182405107
APP_EXT_MIN,"(0.6482, inf]",1.2259423201595379,28.372765620064634,0.4671759182405107
APP_EXT_MIN,missing,-0.11387634007275635,17.667854529516312,0.4671759182405107
APP_EXT_MAX,"(-inf, 0.3962]",-1.1042027120287163,13.61278331456754,0.446928685097469
APP_EXT_MAX,"(0.3962, 0.506]",-0.5570935452084801,16.072797886335316,0.446928685097469
APP_EXT_MAX,"(0.506, 0.5691]",-0.2439749751822911,17.480700169223955,0.446928685097469
APP_EXT_MAX,"(0.5691, 0.6131]",-0.02822713695075864,18.450785954774965,0.446928685097469
APP_EXT_MAX,"(0.6131, 0.6489]",0.15570353719362243,19.277809455806736,0.446928685097469
APP_EXT_MAX,"(0.6489, 0.6801]",0.3145059356582952,19.991846503522893,0.446928685097469
APP_EXT_MAX,"(0.6801, 0.7095]",0.5066372568280018,20.855743287628083,0.446928685097469
APP_EXT_MAX,"(0.7095, 0.7409]",0.7834822305398732,22.100545441849054,0.446928685097469
APP_EXT_MAX,"(0.7409, 0.7807]",0.9056795313610798,22.649991802614615,0.446928685097469
APP_EXT_MAX,"(0.7807, inf]",1.0969437987943658,23.509989977529074,0.446928685097469
APP_EXT_MAX,missing,-0.11387634007275635,18.065673987148873,0.446928685097469
APP_EXT_SOURCE_3,"(-inf, 0.2276]",-1.0374681370473986,5.441818280706812,0.3322904847262362
APP_EXT_SOURCE_3,"(0.2276, 0.3297]",-0.5316849780711413,11.845784430380393,0.3322904847262362
APP_EXT_SOURCE_3,"(0.3297, 0.4066]",-0.18983587690568193,16.17410187889138,0.3322904847262362
APP_EXT_SOURCE_3,"(0.4066, 0.4741]",0.013334724162500047,18.74654350483043,0.3322904847262362
APP_EXT_SOURCE_3,"(0.4741, 0.5353]",0.260676489535177,21.87825768853951,0.3322904847262362
APP_EXT_SOURCE_3,"(0.5353, 0.5902]",0.4371502196866708,24.112677269619013,0.3322904847262362
APP_EXT_SOURCE_3,"(0.5902, 0.6414]",0.5424830133008086,25.44634691200257,0.3322904847262362
APP_EXT_SOURCE_3,"(0.6414, 0.6941]",0.6838461124954082,27.236213747204296,0.3322904847262362
APP_EXT_SOURCE_3,"(0.6941, 0.749]",0.9253684273532098,30.294245042415476,0.3322904847262362
APP_EXT_SOURCE_3,"(0.749, inf]",0.9749790253477537,30.922388911153973,0.3322904847262362
APP_EXT_SOURCE_3,missing,-0.1558764540285124,16.60407862032348,0.3322904847262362
APP_EXT_SOURCE_2,"(-inf, 0.2158]",-0.9316472494018979,4.675323926014023,0.30728133757331155
APP_EXT_SOURCE_2,"(0.2158, 0.3405]",-0.44223554883353017,11.978504931600245,0.30728133757331155
APP_EXT_SOURCE_2,"(0.3405, 0.4413]",-0.2320634345593233,15.114770352081063,0.30728133757331155
APP_EXT_SOURCE_2,"(0.4413, 0.5131]",-0.06932257228904785,17.543249223315097,0.30728133757331155
APP_EXT_SOURCE_2,"(0.5131, 0.5669]",0.08913696472260586,19.907840587832005,0.30728133757331155
APP_EXT_SOURCE_2,"(0.5669, 0.6089]",0.21203339402561602,21.741746207778935,0.30728133757331155
APP_EXT_SOURCE_2,"(0.6089, 0.6462]",0.3587580017735883,23.931224651209387,0.30728133757331155
APP_EXT_SOURCE_2,"(0.6462, 0.6822]",0.4989589582488499,26.023354776226938,0.30728133757331155
APP_EXT_SOURCE_2,"(0.6822, 0.722]",0.7097893322793252,29.16944299036622,0.30728133757331155
APP_EXT_SOURCE_2,"(0.722, inf]",1.0914691925289572,34.86500993809702,0.30728133757331155
APP_EXT_SOURCE_2,missing,0.0709741435680282,19.636808304970916,0.30728133757331155
APP_EXT_PROD,"(-inf, 0.02278]",-1.2242207910903082,17.838836412113388,0.2746566191315914
APP_EXT_PROD,"(0.02278, 0.04466]",-0.5706200646389397,18.23331244150263,0.2746566191315914
APP_EXT_PROD,"(0.04466, 0.0682]",-0.18037232988324525,18.468843662100237,0.2746566191315914
APP_EXT_PROD,"(0.0682, 0.09262]",0.12154902041231645,18.65106612702783,0.2746566191315914
APP_EXT_PROD,"(0.09262, 0.1199]",0.2929596757117213,18.754519798299945,0.2746566191315914
APP_EXT_PROD,"(0.1199, 0.1514]",0.5667298514915672,18.919751823810653,0.2746566191315914
APP_EXT_PROD,"(0.1514, 0.1886]",0.9943331589323002,19.177828732306068,0.2746566191315914
APP_EXT_PROD,"(0.1886, 0.2349]",1.150216990388967,19.271911300440397,0.2746566191315914
APP_EXT_PROD,"(0.2349, 0.3013]",1.4343379788941006,19.44339048471268,0.2746566191315914
APP_EXT_PROD,"(0.3013, inf]",1.9191157307682538,19.73597461896515,0.2746566191315914
APP_EXT_PROD,missing,-0.05434703504973381,18.54490532466669,0.2746566191315914
APP_EXT_SOURCE_1,"(-inf, 0.213]",-0.8926145105940055,8.259720163407975,0.15324883211805873
APP_EXT_SOURCE_1,"(0.213, 0.2967]",-0.39978831757232414,13.956438805560701,0.15324883211805873
APP_EXT_SOURCE_1,"(0.2967, 0.369]",-0.16842482668623124,16.63083543931745,0.15324883211805873
APP_EXT_SOURCE_1,"(0.369, 0.4383]",-0.02810397239137478,18.252844248636432,0.15324883211805873
APP_EXT_SOURCE_1,"(0.4383, 0.5067]",0.1967686430669722,20.852211000506394,0.15324883211805873
APP_EXT_SOURCE_1,"(0.5067, 0.575]",0.37709038072999235,22.93660143891215,0.15324883211805873
APP_EXT_SOURCE_1,"(0.575, 0.6411]",0.4514973839464958,23.796693228537308,0.15324883211805873
APP_EXT_SOURCE_1,"(0.6411, 0.7104]",0.6639382366793388,26.25235768642209,0.15324883211805873
APP_EXT_SOURCE_1,"(0.7104, 0.7875]",0.8943540241256636,28.91579954559704,0.15324883211805873
APP_EXT_SOURCE_1,"(0.7875, inf]",1.1978840216486026,32.42438942946595,0.15324883211805873
APP_EXT_SOURCE_1,missing,-0.05796245007577979,17.907701581993372,0.15324883211805873
APP_ANNUITY_TO_CREDIT,"(-inf, 0.02936]",0.3470577189964511,23.29916949700906,0.1376511207852536
APP_ANNUITY_TO_CREDIT,"(0.02936, 0.03319]",0.1328218076503354,20.3846484793249,0.1376511207852536
APP_ANNUITY_TO_CREDIT,"(0.03319, 0.03975]",0.09005382676901247,19.802821752053433,0.1376511207852536
APP_ANNUITY_TO_CREDIT,"(0.03975, 0.04634]",0.48391595518442904,25.16102451144979,0.1376511207852536
APP_ANNUITY_TO_CREDIT,"(0.04634, 0.05]",-0.640332014004238,9.866462947513766,0.1376511207852536
APP_ANNUITY_TO_CREDIT,"(0.05, 0.05119]",0.32548067385088647,23.005629766993074,0.1376511207852536
APP_ANNUITY_TO_CREDIT,"(0.05119, 0.0563]",-0.22426840938123319,15.526700359382982,0.1376511207852536
APP_ANNUITY_TO_CREDIT,"(0.0563, 0.06853]",-0.2254732172259732,15.510309840334603,0.1376511207852536
APP_ANNUITY_TO_CREDIT,"(0.06853, 0.09516]",-0.3584963522593733,13.700628538740286,0.1376511207852536
APP_ANNUITY_TO_CREDIT,"(0.09516, inf]",0.5296746735134078,25.78353800824929,0.1376511207852536
APP_ANNUITY_TO_CREDIT,missing,0.512311429355239,25.547323922029136,0.1376511207852536
BUR_MEAN_LOAN_AGE_YEARS,"(-inf, 1.01]",-0.6028934078943368,16.669478359408508,0.12168497973342396
BUR_MEAN_LOAN_AGE_YEARS,"(1.01, 1.567]",-0.30083314108655285,17.62553422137822,0.12168497973342396
BUR_MEAN_LOAN_AGE_YEARS,"(1.567, 2.045]",-0.18396121754859512,17.995447446904315,0.12168497973342396
BUR_MEAN_LOAN_AGE_YEARS,"(2.045, 2.47]",0.018088864162507635,18.634959445860083,0.12168497973342396
BUR_MEAN_LOAN_AGE_YEARS,"(2.47, 2.876]",0.13023738753601677,18.98992256072325,0.12168497973342396
BUR_MEAN_LOAN_AGE_YEARS,"(2.876, 3.27]",0.21928885647968566,19.271780813052697,0.12168497973342396
BUR_MEAN_LOAN_AGE_YEARS,"(3.27, 3.692]",0.34136850677630126,19.658177099220197,0.12168497973342396
BUR_MEAN_LOAN_AGE_YEARS,"(3.692, 4.189]",0.4596129508915859,20.03243451194276,0.12168497973342396
BUR_MEAN_LOAN_AGE_YEARS,"(4.189, 4.95]",0.46941413554105715,20.063456400843947,0.12168497973342396
BUR_MEAN_LOAN_AGE_YEARS,"(4.95, inf]",0.46242139339329197,20.041323558970152,0.12168497973342396
BUR_MEAN_LOAN_AGE_YEARS,missing,-0.25403530136379676,17.77365482481704,0.12168497973342396
APP_EMPLOYED_YEARS,"(-inf, 0.9117]",-0.34937357605003666,16.189899689030696,0.11295612417124558
APP_EMPLOYED_YEARS,"(0.9117, 1.689]",-0.39696383603129803,15.86464232816816,0.11295612417124558
APP_EMPLOYED_YEARS,"(1.689, 2.527]",-0.34505451460220277,16.21941847141345,0.11295612417124558
APP_EMPLOYED_YEARS,"(2.527, 3.433]",-0.26328551205226847,16.778271690123034,0.11295612417124558
APP_EMPLOYED_YEARS,"(3.433, 4.517]",-0.18602697241458932,17.306297986187396,0.11295612417124558
APP_EMPLOYED_YEARS,"(4.517, 5.927]",-0.04825604635440745,18.247898385755857,0.11295612417124558
APP_EMPLOYED_YEARS,"(5.927, 7.655]",0.07673299009514979,19.102140496396604,0.11295612417124558
APP_EMPLOYED_YEARS,"(7.655, 10.07]",0.15666237956960896,19.648420812706142,0.11295612417124558
APP_EMPLOYED_YEARS,"(10.07, 14.6]",0.3713553661711523,21.115747829730424,0.11295612417124558
APP_EMPLOYED_YEARS,"(14.6, inf]",0.6263134813759451,22.858268331081973,0.11295612417124558
APP_EMPLOYED_YEARS,missing,0.43461229831251524,21.548079630663256,0.11295612417124558
APP_EMPLOYED_TO_AGE,"(-inf, 0.02432]",-0.286717982119236,17.27542369550431,0.09222148647018188
APP_EMPLOYED_TO_AGE,"(0.02432, 0.04527]",-0.34392693686811254,17.01557876391342,0.09222148647018188
APP_EMPLOYED_TO_AGE,"(0.04527, 0.06769]",-0.32151631371944994,17.117368542533484,0.09222148647018188
APP_EMPLOYED_TO_AGE,"(0.06769, 0.09156]",-0.23724875663903108,17.500114525238626,0.09222148647018188
APP_EMPLOYED_TO_AGE,"(0.09156, 0.1191]",-0.17029882520943834,17.8042032894662,0.09222148647018188
APP_EMPLOYED_TO_AGE,"(0.1191, 0.1525]",-0.08956149383089546,18.17091487231155,0.09222148647018188
APP_EMPLOYED_TO_AGE,"(0.1525, 0.1937]",-0.0023294327217059717,18.567125728652965,0.09222148647018188
APP_EMPLOYED_TO_AGE,"(0.1937, 0.25]",0.18073168461573447,19.39859527254343,0.09222148647018188
APP_EMPLOYED_TO_AGE,"(0.25, 0.3454]",0.2579614444222143,19.749375351322787,0.09222148647018188
APP_EMPLOYED_TO_AGE,"(0.3454, inf]",0.5486263943059341,21.069584999444128,0.09222148647018188
APP_EMPLOYED_TO_AGE,missing,0.43461229831251524,20.55172927032178,0.09222148647018188
BUR_NEWEST_LOAN_YEARS,"(-inf, 0.1834]",-0.4996157643425585,15.319845011342881,0.08611185973813526
BUR_NEWEST_LOAN_YEARS,"(0.1834, 0.3203]",-0.19076537361502402,17.333775992315847,0.08611185973813526
BUR_NEWEST_LOAN_YEARS,"(0.3203, 0.4682]",-0.10395970697453452,17.899812580320418,0.08611185973813526
BUR_NEWEST_LOAN_YEARS,"(0.4682, 0.627]",-0.10578870224826199,17.88788619020922,0.08611185973813526
BUR_NEWEST_LOAN_YEARS,"(0.627, 0.8214]",0.079223322498294,19.09430023298222,0.08611185973813526
BUR_NEWEST_LOAN_YEARS,"(0.8214, 1.065]",0.1936265609632491,19.84029322242114,0.08611185973813526
BUR_NEWEST_LOAN_YEARS,"(1.065, 1.426]",0.31301217807323284,20.618774973452762,0.08611185973813526
BUR_NEWEST_LOAN_YEARS,"(1.426, 2.031]",0.3477023336851394,20.844980221103636,0.08611185973813526
BUR_NEWEST_LOAN_YEARS,"(2.031, 3.201]",0.4910606296591443,21.779781413879984,0.08611185973813526
BUR_NEWEST_LOAN_YEARS,"(3.201, inf]",0.3158087071707306,20.63701039344163,0.08611185973813526
BUR_NEWEST_LOAN_YEARS,missing,-0.25403530136379676,16.92120967709436,0.08611185973813526
APP_AGE_YEARS,"(-inf, 28.15]",-0.40700029549307737,21.60605911379004,0.08372828126981383
APP_AGE_YEARS,"(28.15, 31.99]",-0.3381283719843453,21.093606173891082,0.08372828126981383
APP_AGE_YEARS,"(31.99, 35.95]",-0.20841256705330732,20.12843426926376,0.08372828126981383
APP_AGE_YEARS,"(35.95, 39.43]",-0.09601908915556256,19.292152004447022,0.08372828126981383
APP_AGE_YEARS,"(39.43, 43.09]",-0.004133672763210958,18.608463363775755,0.08372828126981383
APP_AGE_YEARS,"(43.09, 47.1]",0.06401865367067364,18.10136470495044,0.08372828126981383
APP_AGE_YEARS,"(47.1, 51.7]",0.1496936439949833,17.463885766788643,0.08372828126981383
APP_AGE_YEARS,"(51.7, 56.05]",0.25020327392478586,16.716027238644685,0.08372828126981383
APP_AGE_YEARS,"(56.05, 60.71]",0.4194821710856972,15.456479601617184,0.08372828126981383
APP_AGE_YEARS,"(60.71, inf]",0.526374340484751,14.661130732730468,0.08372828126981383
APP_AGE_YEARS,missing,0.0,18.57770608777461,0.08372828126981383
APP_OCCUPATION_TYPE,Laborers,-0.2944087765738195,15.307667300289971,0.08173669627074939
APP_OCCUPATION_TYPE,Sales staff,-0.1783854372321486,16.596354493369034,0.08173669627074939
APP_OCCUPATION_TYPE,Core staff,0.2419335355264182,21.264895153166872,0.08173669627074939
APP_OCCUPATION_TYPE,Managers,0.2949253813941663,21.853482876075653,0.08173669627074939
APP_OCCUPATION_TYPE,Drivers,-0.36249835987206225,14.551386930526293,0.08173669627074939
APP_OCCUPATION_TYPE,High skill tech staff,0.2807234456289681,21.69574002156561,0.08173669627074939
APP_OCCUPATION_TYPE,Accountants,0.5284984550909045,24.44781114165584,0.08173669627074939
APP_OCCUPATION_TYPE,Medicine staff,0.14727082165142874,20.213463366036844,0.08173669627074939
APP_OCCUPATION_TYPE,Security staff,-0.3123907001943279,15.107939600603324,0.08173669627074939
APP_OCCUPATION_TYPE,Cooking staff,-0.29045185757675057,15.351617344001069,0.08173669627074939
APP_OCCUPATION_TYPE,Cleaning staff,-0.18360278347791714,16.538404710791397,0.08173669627074939
APP_OCCUPATION_TYPE,Private service staff,0.20738749222598082,20.88118749722942,0.08173669627074939
APP_OCCUPATION_TYPE,Low-skill Laborers,-0.9765117296588127,7.7314559535930005,0.08173669627074939
APP_OCCUPATION_TYPE,other,-0.02524061604019229,18.297355092699096,0.08173669627074939
APP_OCCUPATION_TYPE,missing,0.23589343021605386,21.197806872459893,0.08173669627074939
CC_UTIL_LATEST_MEAN,"(-inf, 0]",0.0,18.57770608777461,0.08058328302572237
CC_UTIL_LATEST_MEAN,"(0, 0.3105]",0.3550017835560966,23.400684259768468,0.08058328302572237
CC_UTIL_LATEST_MEAN,"(0.3105, 0.793]",0.010165511807400105,18.715812553221394,0.08058328302572237
CC_UTIL_LATEST_MEAN,"(0.793, 0.9527]",-0.47303138564053093,12.151203029792693,0.08058328302572237
CC_UTIL_LATEST_MEAN,"(0.9527, 1.017]",-0.7692525791780321,8.126805360005827,0.08058328302572237
CC_UTIL_LATEST_MEAN,"(1.017, inf]",-1.1100553882414432,3.4967314133286234,0.08058328302572237
CC_UTIL_LATEST_MEAN,missing,0.04291600162656459,19.160753691087475,0.08058328302572237
BUR_OLDEST_LOAN_YEARS,"(-inf, 1.369]",-0.47721781176416733,17.69172703453114,0.07510695190756002
BUR_OLDEST_LOAN_YEARS,"(1.369, 2.344]",-0.23736032118048458,18.137034621930464,0.07510695190756002
BUR_OLDEST_LOAN_YEARS,"(2.344, 3.247]",-0.07845107440940162,18.432057692183033,0.07510695190756002
BUR_OLDEST_LOAN_YEARS,"(3.247, 4.09]",-0.02424710234704924,18.53269011340869,0.07510695190756002
BUR_OLDEST_LOAN_YEARS,"(4.09, 5.002]",0.12205882552749783,18.804314483385596,0.07510695190756002
BUR_OLDEST_LOAN_YEARS,"(5.002, 6.196]",0.2301439752335971,19.004980041639342,0.07510695190756002
BUR_OLDEST_LOAN_YEARS,"(6.196, 6.836]",0.2594613742369367,19.059409278713538,0.07510695190756002
BUR_OLDEST_LOAN_YEARS,"(6.836, 7.288]",0.31384090747575016,19.16036763816085,0.07510695190756002
BUR_OLDEST_LOAN_YEARS,"(7.288, 7.688]",0.3035209738072927,19.14120815828453,0.07510695190756002
BUR_OLDEST_LOAN_YEARS,"(7.688, inf]",0.3727826376797558,19.26979594748909,0.07510695190756002
BUR_OLDEST_LOAN_YEARS,missing,-0.25403530136379676,18.106076676121507,0.07510695190756002
APP_GOODS_TO_CREDIT,"(-inf, 0.783]",-0.5098693918098739,11.337946249282655,0.07286606578946234
APP_GOODS_TO_CREDIT,"(0.783, 0.8256]",-0.20932671080852397,15.605425071540791,0.07286606578946234
APP_GOODS_TO_CREDIT,"(0.8256, 0.8574]",-0.24249178692473886,15.134506067647663,0.07286606578946234
APP_GOODS_TO_CREDIT,"(0.8574, 0.8732]",-0.07881143735568656,17.45864326865507,0.07286606578946234
APP_GOODS_TO_CREDIT,"(0.8732, 0.8938]",0.20290457545845103,21.458797637977188,0.07286606578946234
APP_GOODS_TO_CREDIT,"(0.8938, 0.9266]",0.20311452857828996,21.46177881352801,0.07286606578946234
APP_GOODS_TO_CREDIT,"(0.9266, 1]",0.522491080786025,25.996684366148028,0.07286606578946234
APP_GOODS_TO_CREDIT,"(1, inf]",0.18134446439958124,21.152660363089275,0.07286606578946234
APP_GOODS_TO_CREDIT,missing,-0.07263685052996484,17.54631773281826,0.07286606578946234
CC_UTIL_6M_MEAN,"(-inf, 0]",0.0,18.57770608777461,0.07184182277586745
CC_UTIL_6M_MEAN,"(0, 0.0003328]",0.3774111032919034,18.5088011710426,0.07184182277586745
CC_UTIL_6M_MEAN,"(0.0003328, 0.2756]",0.27427015073028055,18.527631880276985,0.07184182277586745
CC_UTIL_6M_MEAN,"(0.2756, 0.6131]",-0.23445228161163353,18.620510644400454,0.07184182277586745
CC_UTIL_6M_MEAN,"(0.6131, 0.856]",-0.5503114660840573,18.678177868854846,0.07184182277586745
CC_UTIL_6M_MEAN,"(0.856, 0.9757]",-0.6859891680148753,18.702948896183905,0.07184182277586745
CC_UTIL_6M_MEAN,"(0.9757, inf]",-0.977254570995778,18.756125970637363,0.07184182277586745
CC_UTIL_6M_MEAN,missing,0.042733013904992394,18.56990421141446,0.07184182277586745
INST_12M_DPD_MAX,"(-inf, 0]",0.0,18.57770608777461,0.07073119975982495
INST_12M_DPD_MAX,"(0, 2]",0.16522034415936618,19.310107415902056,0.07073119975982495
INST_12M_DPD_MAX,"(2, 5]",-0.28330340890585554,17.321857154633904,0.07073119975982495
INST_12M_DPD_MAX,"(5, inf]",-0.6668163012216937,15.621791989443446,0.07073119975982495
INST_12M_DPD_MAX,missing,0.04951614513367094,18.797205028078665,0.07073119975982495
PREV_REFUSED_SHARE,"(-inf, 0]",0.0,18.57770608777461,0.07038515988996241
PREV_REFUSED_SHARE,"(0, 0.1429]",0.14468311998774436,19.907362391450988,0.07038515988996241
PREV_REFUSED_SHARE,"(0.1429, 0.25]",-0.03244456002572661,18.27953644806911,0.07038515988996241
PREV_REFUSED_SHARE,"(0.25, 0.4]",-0.24167519542494398,16.3566802551397,0.07038515988996241
PREV_REFUSED_SHARE,"(0.4, inf]",-0.603953440760872,13.027297030361737,0.07038515988996241
PREV_REFUSED_SHARE,missing,0.33640426559434894,21.669304142675813,0.07038515988996241
PREV_YEARS_SINCE_LAST_REFUSAL,"(-inf, 0.3477]",-0.4011877523593664,18.32463910472008,0.06536818257260414
PREV_YEARS_SINCE_LAST_REFUSAL,"(0.3477, 0.5065]",-0.5635823089242875,18.22220152966283,0.06536818257260414
PREV_YEARS_SINCE_LAST_REFUSAL,"(0.5065, 0.6598]",-0.48756148697974205,18.27015503757949,0.06536818257260414
PREV_YEARS_SINCE_LAST_REFUSAL,"(0.6598, 0.835]",-0.3812687532427154,18.33720389759392,0.06536818257260414
PREV_YEARS_SINCE_LAST_REFUSAL,"(0.835, 1.081]",-0.3414716419119511,18.362307692112903,0.06536818257260414
PREV_YEARS_SINCE_LAST_REFUSAL,"(1.081, 1.467]",-0.3709475073174037,18.343714481609315,0.06536818257260414
PREV_YEARS_SINCE_LAST_REFUSAL,"(1.467, 2.149]",-0.2991302077350767,18.389016431206578,0.06536818257260414
PREV_YEARS_SINCE_LAST_REFUSAL,"(2.149, 3.392]",-0.09644516873531647,18.51686901650687,0.06536818257260414
PREV_YEARS_SINCE_LAST_REFUSAL,"(3.392, 5.615]",0.1878969039692615,18.696230400476445,0.06536818257260414
PREV_YEARS_SINCE_LAST_REFUSAL,"(5.615, inf]",0.15365779856435763,18.674632564908567,0.06536818257260414
PREV_YEARS_SINCE_LAST_REFUSAL,missing,0.1617566504706172,18.67974127524698,0.06536818257260414
CC_UTIL_MEAN,"(-inf, 0]",-1.3335764794625784,14.244659685671126,0.06518851836674981
CC_UTIL_MEAN,"(0, 0.1162]",0.43962677133122136,20.00613799934581,0.06518851836674981
CC_UTIL_MEAN,"(0.1162, 0.2517]",0.13296818742169192,19.009745295855105,0.06518851836674981
CC_UTIL_MEAN,"(0.2517, 0.3817]",0.07367594432030922,18.817093397295356,0.06518851836674981
CC_UTIL_MEAN,"(0.3817, 0.5186]",-0.16626765950823372,18.037470492056357,0.06518851836674981
CC_UTIL_MEAN,"(0.5186, 0.6697]",-0.3010850173777322,17.59942297363211,0.06518851836674981
CC_UTIL_MEAN,"(0.6697, 0.8354]",-0.5193502722276714,16.890237192541502,0.06518851836674981
CC_UTIL_MEAN,"(0.8354, inf]",-0.8914706896391806,15.681146404989535,0.06518851836674981
CC_UTIL_MEAN,missing,0.03177799301321409,18.68095889735286,0.06518851836674981
INST_12M_DPD_MEAN,"(-inf, 0]",0.0,18.57770608777461,0.06426788721185861
INST_12M_DPD_MEAN,"(0, 0.2]",0.14697787422478995,19.017033523903788,0.06426788721185861
INST_12M_DPD_MEAN,"(0.2, 0.7]",-0.3587350434428356,17.505421244109026,0.06426788721185861
INST_12M_DPD_MEAN,"(0.7, inf]",-0.6647516514024725,16.59071559540548,0.06426788721185861
INST_12M_DPD_MEAN,missing,0.04951614513367094,18.725713406585776,0.06426788721185861
INST_LATE_SHARE,"(-inf, 0]",0.0,18.57770608777461,0.06164228250789952
INST_LATE_SHARE,"(0, 0.01905]",0.19008785314214466,19.580554559356813,0.06164228250789952
INST_LATE_SHARE,"(0.01905, 0.05]",0.14110581269141428,19.322139497115774,0.06164228250789952
INST_LATE_SHARE,"(0.05, 0.09091]",-0.07701351486326474,18.17140508329094,0.06164228250789952
INST_LATE_SHARE,"(0.09091, 0.1538]",-0.15546488818374704,17.757518353931445,0.06164228250789952
INST_LATE_SHARE,"(0.1538, 0.2667]",-0.29021169716184475,17.046633206876756,0.06164228250789952
INST_LATE_SHARE,"(0.2667, inf]",-0.4795526669330066,16.04772507569327,0.06164228250789952
INST_LATE_SHARE,missing,0.33486397694206316,20.344351467335848,0.06164228250789952
PREV_APPROVED_SHARE,"(-inf, 0.3636]",-0.5230857918327881,15.404429124834436,0.06118619533194515
PREV_APPROVED_SHARE,"(0.3636, 0.5]",-0.3188818734675377,16.643223219432414,0.06118619533194515
PREV_APPROVED_SHARE,"(0.5, 0.6]",-0.16091380641406133,17.60152955443076,0.06118619533194515
PREV_APPROVED_SHARE,"(0.6, 0.6667]",0.0414631901724531,18.829240708363795,0.06118619533194515
PREV_APPROVED_SHARE,"(0.6667, 0.8]",0.10673463092127196,19.225207034538357,0.06118619533194515
PREV_APPROVED_SHARE,"(0.8, 1]",0.29262708262976,20.352915421577823,0.06118619533194515
PREV_APPROVED_SHARE,"(1, inf]",0.13683416512395563,19.407804535697668,0.06118619533194515
PREV_APPROVED_SHARE,missing,0.3364654906188274,20.618859196644358,0.06118619533194515
INST_LOAN_LATE_SHARE_MEAN,"(-inf, 0]",0.0,18.57770608777461,0.06020145990196629
INST_LOAN_LATE_SHARE_MEAN,"(0, 0.01493]",0.1854751523844722,20.116954955136414,0.06020145990196629
INST_LOAN_LATE_SHARE_MEAN,"(0.01493, 0.04762]",0.12523907679797494,19.61705882388192,0.06020145990196629
INST_LOAN_LATE_SHARE_MEAN,"(0.04762, 0.08571]",-0.07738491271876137,17.93549262833325,0.06020145990196629
INST_LOAN_LATE_SHARE_MEAN,"(0.08571, 0.15]",-0.15923341412875644,17.256236073096996,0.06020145990196629
INST_LOAN_LATE_SHARE_MEAN,"(0.15, 0.25]",-0.22523963204305644,16.708453823791626,0.06020145990196629
INST_LOAN_LATE_SHARE_MEAN,"(0.25, inf]",-0.4906032576811841,14.50621457529213,0.06020145990196629
INST_LOAN_LATE_SHARE_MEAN,missing,0.33486397694206316,21.356725221075465,0.06020145990196629
APP_ORGANIZATION_TYPE,Business Entity Type 3,-0.1578506314479696,17.237061526148935,0.05986482716285666
APP_ORGANIZATION_TYPE,XNA,0.43485712690410755,22.271000418753086,0.05986482716285666
APP_ORGANIZATION_TYPE,Self-employed,-0.2402495563002499,16.537237461628642,0.05986482716285666
APP_ORGANIZATION_TYPE,Other,0.08110689731121652,19.266556805653785,0.05986482716285666
APP_ORGANIZATION_TYPE,Medicine,0.20220084848754885,20.29502242280798,0.05986482716285666
APP_ORGANIZATION_TYPE,Business Entity Type 2,-0.048231725645025106,18.168068190918063,0.05986482716285666
APP_ORGANIZATION_TYPE,Government,0.14748912776561526,19.830349141680053,0.05986482716285666
APP_ORGANIZATION_TYPE,School,0.3362388272639174,21.43342323659926,0.05986482716285666
APP_ORGANIZATION_TYPE,Trade: type 7,-0.19155432022603877,16.95081200878836,0.05986482716285666
APP_ORGANIZATION_TYPE,Kindergarten,0.1418784076558041,19.782696615155306,0.05986482716285666
APP_ORGANIZATION_TYPE,Construction,-0.48483830293734126,14.459915565568057,0.05986482716285666
APP_ORGANIZATION_TYPE,Business Entity Type 1,0.04473138199038201,18.957615141348295,0.05986482716285666
APP_ORGANIZATION_TYPE,Transport: type 4,-0.10328634347439268,17.700482643060116,0.05986482716285666
APP_ORGANIZATION_TYPE,Trade: type 3,-0.25843801861188054,16.382760644787663,0.05986482716285666
APP_ORGANIZATION_TYPE,Industry: type 9,0.16799515277187319,20.004509299628243,0.05986482716285666
APP_ORGANIZATION_TYPE,Industry: type 3,-0.3550427130203286,15.562285256135917,0.05986482716285666
APP_ORGANIZATION_TYPE,Security,-0.30149941392388724,16.017034990658214,0.05986482716285666
APP_ORGANIZATION_TYPE,other,0.06706511021953183,19.14729820448577,0.05986482716285666
APP_ORGANIZATION_TYPE,missing,0.0,18.57770608777461,0.05986482716285666
INST_12M_LATE_SHARE,"(-inf, 0]",0.0,18.57770608777461,0.05813443252030109
INST_12M_LATE_SHARE,"(0, 0.08824]",0.14190551839797438,19.22508802698375,0.05813443252030109
INST_12M_LATE_SHARE,"(0.08824, 0.2228]",-0.4541160159514004,16.50600013615643,0.05813443252030109
INST_12M_LATE_SHARE,"(0.2228, inf]",-0.5678883357365427,15.986963626214195,0.05813443252030109
INST_12M_LATE_SHARE,missing,0.05019671111322808,18.80670665483689,0.05813443252030109
BUR_DEBT_RATIO_ACTIVE,"(-inf, 0.0034]",0.5104191998309361,24.428938442529592,0.05794314719640838
BUR_DEBT_RATIO_ACTIVE,"(0.0034, 0.201]",0.22374357366558018,21.142608892830104,0.05794314719640838
BUR_DEBT_RATIO_ACTIVE,"(0.201, 0.3663]",0.18966810639208426,20.751981979343867,0.05794314719640838
BUR_DEBT_RATIO_ACTIVE,"(0.3663, 0.5009]",0.17918088339592947,20.631760838511084,0.05794314719640838
BUR_DEBT_RATIO_ACTIVE,"(0.5009, 0.6115]",0.13520213144019383,20.127606808940136,0.05794314719640838
BUR_DEBT_RATIO_ACTIVE,"(0.6115, 0.7062]",0.05984344125146781,19.263726284088637,0.05794314719640838
BUR_DEBT_RATIO_ACTIVE,"(0.7062, 0.7929]",-0.08301177616511875,17.626093784232925,0.05794314719640838
BUR_DEBT_RATIO_ACTIVE,"(0.7929, 0.8708]",-0.22459266216353843,16.00306968709233,0.05794314719640838
BUR_DEBT_RATIO_ACTIVE,"(0.8708, 0.9468]",-0.3747150384047132,14.282129516099523,0.05794314719640838
BUR_DEBT_RATIO_ACTIVE,"(0.9468, inf]",-0.4913475304662856,12.945103378774716,0.05794314719640838
BUR_DEBT_RATIO_ACTIVE,missing,0.04615664543708281,19.106826577869555,0.05794314719640838
APP_NAME_INCOME_TYPE,Working,-0.18694426286256088,18.070378156827367,0.05717027343856041
APP_NAME_INCOME_TYPE,Commercial associate,0.07808577944234874,18.789614687237833,0.05717027343856041
APP_NAME_INCOME_TYPE,Pensioner,0.4367722260909576,19.76301526156218,0.05717027343856041
APP_NAME_INCOME_TYPE,State servant,0.3516628583996628,19.532046101268683,0.05717027343856041
APP_NAME_INCOME_TYPE,other,-0.9159331146229747,16.092053707688645,0.05717027343856041
APP_NAME_INCOME_TYPE,missing,0.0,18.57770608777461,0.05717027343856041
